,base,sequence length,number of pairs,total possible pairs
0,2,3,2,4
1,3,8,7,9
2,4,6,5,16
3,5,20,19,25
4,6,24,23,36
5,7,16,15,49
6,8,12,11,64
7,9,24,23,81
8,10,60,59,100
9,11,10,9,121
10,12,24,23,144
11,13,28,27,169
12,14,48,47,196
13,15,40,39,225
14,16,24,23,256
15,17,36,35,289
16,18,24,23,324
17,19,18,17,361
18,20,60,59,400
19,21,16,15,441
20,22,30,29,484
21,23,48,47,529
22,24,24,23,576
23,25,100,99,625
24,26,84,83,676
25,27,72,71,729
26,28,48,47,784
27,29,14,13,841
28,30,120,119,900
29,31,30,29,961
30,32,48,47,1024
31,33,40,39,1089
32,34,36,35,1156
33,35,80,79,1225
34,36,24,23,1296
35,37,76,75,1369
36,38,18,17,1444
37,39,56,55,1521
38,40,60,59,1600
39,41,40,39,1681
40,42,48,47,1764
41,43,88,87,1849
42,44,30,29,1936
43,45,120,119,2025
44,46,48,47,2116
45,47,32,31,2209
46,48,24,23,2304
47,49,112,111,2401
48,50,300,299,2500
49,51,72,71,2601
50,52,84,83,2704
51,53,108,107,2809
52,54,72,71,2916
53,55,20,19,3025
54,56,48,47,3136
55,57,72,71,3249
56,58,42,41,3364
57,59,58,57,3481
58,60,120,119,3600
59,61,60,59,3721
60,62,30,29,3844
61,63,48,47,3969
62,64,96,95,4096
63,65,140,139,4225
64,66,120,119,4356
65,67,136,135,4489
66,68,36,35,4624
67,69,48,47,4761
68,70,240,239,4900
69,71,70,69,5041
70,72,24,23,5184
71,73,148,147,5329
72,74,228,227,5476
73,75,200,199,5625
74,76,18,17,5776
75,77,80,79,5929
76,78,168,167,6084
77,79,78,77,6241
78,80,120,119,6400
79,81,216,215,6561
80,82,120,119,6724
81,83,168,167,6889
82,84,48,47,7056
83,85,180,179,7225
84,86,264,263,7396
85,87,56,55,7569
86,88,60,59,7744
87,89,44,43,7921
88,90,120,119,8100
89,91,112,111,8281
90,92,48,47,8464
91,93,120,119,8649
92,94,96,95,8836
93,95,180,179,9025
94,96,48,47,9216
95,97,196,195,9409
96,98,336,335,9604
97,99,120,119,9801
98,100,300,299,10000
99,101,50,49,10201
100,102,72,71,10404
101,103,208,207,10609
102,104,84,83,10816
103,105,80,79,11025
104,106,108,107,11236
105,107,72,71,11449
106,108,72,71,11664
107,109,108,107,11881
108,110,60,59,12100
109,111,152,151,12321
110,112,48,47,12544
111,113,76,75,12769
112,114,72,71,12996
113,115,240,239,13225
114,116,42,41,13456
115,117,168,167,13689
116,118,174,173,13924
117,119,144,143,14161
118,120,120,119,14400
119,121,110,109,14641
120,122,60,59,14884
121,123,40,39,15129
122,124,30,29,15376
123,125,500,499,15625
124,126,48,47,15876
125,127,256,255,16129
126,128,192,191,16384
127,129,88,87,16641
128,130,420,419,16900
129,131,130,129,17161
130,132,120,119,17424
131,133,144,143,17689
132,134,408,407,17956
133,135,360,359,18225
134,136,36,35,18496
135,137,276,275,18769
136,138,48,47,19044
137,139,46,45,19321
138,140,240,239,19600
139,141,32,31,19881
140,142,210,209,20164
141,143,140,139,20449
142,144,24,23,20736
143,145,140,139,21025
144,146,444,443,21316
145,147,112,111,21609
146,148,228,227,21904
147,149,148,147,22201
148,150,600,599,22500
149,151,50,49,22801
150,152,36,35,23104
151,153,72,71,23409
152,154,240,239,23716
153,155,60,59,24025
154,156,168,167,24336
155,157,316,315,24649
156,158,78,77,24964
157,159,216,215,25281
158,160,240,239,25600
159,161,48,47,25921
160,162,216,215,26244
161,163,328,327,26569
162,164,120,119,26896
163,165,40,39,27225
164,166,168,167,27556
165,167,336,335,27889
166,168,48,47,28224
167,169,364,363,28561
168,170,180,179,28900
169,171,72,71,29241
170,172,264,263,29584
171,173,348,347,29929
172,174,168,167,30276
173,175,400,399,30625
174,176,120,119,30976
175,177,232,231,31329
176,178,132,131,31684
177,179,178,177,32041
178,180,120,119,32400
179,181,90,89,32761
180,182,336,335,33124
181,183,120,119,33489
182,184,48,47,33856
183,185,380,379,34225
184,186,120,119,34596
185,187,180,179,34969
186,188,96,95,35344
187,189,144,143,35721
188,190,180,179,36100
189,191,190,189,36481
190,192,96,95,36864
191,193,388,387,37249
192,194,588,587,37636
193,195,280,279,38025
194,196,336,335,38416
195,197,396,395,38809
196,198,120,119,39204
197,199,22,21,39601
198,200,300,299,40000
199,201,136,135,40401
200,202,150,149,40804
201,203,112,111,41209
202,204,72,71,41616
203,205,40,39,42025
204,206,624,623,42436
205,207,48,47,42849
206,208,168,167,43264
207,209,90,89,43681
208,210,240,239,44100
209,211,42,41,44521
210,212,108,107,44944
211,213,280,279,45369
212,214,72,71,45796
213,215,440,439,46225
214,216,72,71,46656
215,217,240,239,47089
216,218,108,107,47524
217,219,296,295,47961
218,220,60,59,48400
219,221,252,251,48841
220,222,456,455,49284
221,223,448,447,49729
222,224,48,47,50176
223,225,600,599,50625
224,226,228,227,51076
225,227,456,455,51529
226,228,72,71,51984
227,229,114,113,52441
228,230,240,239,52900
229,231,80,79,53361
230,232,84,83,53824
231,233,52,51,54289
232,234,168,167,54756
233,235,160,159,55225
234,236,174,173,55696
235,237,312,311,56169
236,238,144,143,56644
237,239,238,237,57121
238,240,120,119,57600
239,241,240,239,58081
240,242,330,329,58564
241,243,648,647,59049
242,244,60,59,59536
243,245,560,559,60025
244,246,120,119,60516
245,247,252,251,61009
246,248,60,59,61504
247,249,168,167,62001
248,250,1500,1499,62500
249,251,250,249,63001
250,252,48,47,63504
251,253,240,239,64009
252,254,768,767,64516
253,255,360,359,65025
254,256,384,383,65536
255,257,516,515,66049
256,258,264,263,66564
257,259,304,303,67081
258,260,420,419,67600
259,261,168,167,68121
260,262,390,389,68644
261,263,176,175,69169
262,264,120,119,69696
263,265,540,539,70225
264,266,144,143,70756
265,267,88,87,71289
266,268,408,407,71824
267,269,268,267,72361
268,270,360,359,72900
269,271,270,269,73441
270,272,72,71,73984
271,273,112,111,74529
272,274,276,275,75076
273,275,100,99,75625
274,276,48,47,76176
275,277,556,555,76729
276,278,138,137,77284
277,279,120,119,77841
278,280,240,239,78400
279,281,56,55,78961
280,282,96,95,79524
281,283,568,567,80089
282,284,210,209,80656
283,285,360,359,81225
284,286,420,419,81796
285,287,80,79,82369
286,288,48,47,82944
287,289,612,611,83521
288,290,420,419,84100
289,291,392,391,84681
290,292,444,443,85264
291,293,588,587,85849
292,294,336,335,86436
293,295,580,579,87025
294,296,228,227,87616
295,297,360,359,88209
296,298,444,443,88804
297,299,336,335,89401
298,300,600,599,90000
299,301,176,175,90601
300,302,150,149,91204
301,303,200,199,91809
302,304,72,71,92416
303,305,60,59,93025
304,306,72,71,93636
305,307,88,87,94249
306,308,240,239,94864
307,309,208,207,95481
308,310,60,59,96100
309,311,310,309,96721
310,312,168,167,97344
311,313,628,627,97969
312,314,948,947,98596
313,315,240,239,99225
314,316,78,77,99856
315,317,636,635,100489
316,318,216,215,101124
317,319,70,69,101761
318,320,480,479,102400
319,321,72,71,103041
320,322,48,47,103684
321,323,36,35,104329
322,324,216,215,104976
323,325,700,699,105625
324,326,984,983,106276
325,327,216,215,106929
326,328,120,119,107584
327,329,32,31,108241
328,330,120,119,108900
329,331,110,109,109561
330,332,168,167,110224
331,333,456,455,110889
332,334,336,335,111556
333,335,680,679,112225
334,336,48,47,112896
335,337,676,675,113569
336,338,1092,1091,114244
337,339,152,151,114921
338,340,180,179,115600
339,341,30,29,116281
340,342,72,71,116964
341,343,784,783,117649
342,344,264,263,118336
343,345,240,239,119025
344,346,348,347,119716
345,347,232,231,120409
346,348,168,167,121104
347,349,174,173,121801
348,350,1200,1199,122500
349,351,504,503,123201
350,352,240,239,123904
351,353,236,235,124609
352,354,696,695,125316
353,355,140,139,126025
354,356,132,131,126736
355,357,144,143,127449
356,358,534,533,128164
357,359,358,357,128881
358,360,120,119,129600
359,361,342,341,130321
360,362,90,89,131044
361,363,440,439,131769
362,364,336,335,132496
363,365,740,739,133225
364,366,120,119,133956
365,367,736,735,134689
366,368,48,47,135424
367,369,120,119,136161
368,370,1140,1139,136900
369,371,432,431,137641
370,372,120,119,138384
371,373,748,747,139129
372,374,180,179,139876
373,375,1000,999,140625
374,376,96,95,141376
375,377,28,27,142129
376,378,144,143,142884
377,379,378,377,143641
378,380,180,179,144400
379,381,256,255,145161
380,382,570,569,145924
381,383,768,767,146689
382,384,192,191,147456
383,385,80,79,148225
384,386,1164,1163,148996
385,387,264,263,149769
386,388,588,587,150544
387,389,388,387,151321
388,390,840,839,152100
389,391,144,143,152881
390,392,336,335,153664
391,393,520,519,154449
392,394,396,395,155236
393,395,780,779,156025
394,396,120,119,156816
395,397,796,795,157609
396,398,66,65,158404
397,399,144,143,159201
398,400,600,599,160000
399,401,200,199,160801
400,402,408,407,161604
401,403,420,419,162409
402,404,150,149,163216
403,405,1080,1079,164025
404,406,336,335,164836
405,407,380,379,165649
406,408,72,71,166464
407,409,408,407,167281
408,410,120,119,168100
409,411,552,551,168921
410,412,624,623,169744
411,413,464,463,170569
412,414,48,47,171396
413,415,840,839,172225
414,416,336,335,173056
415,417,184,183,173889
416,418,90,89,174724
417,419,418,417,175561
418,420,240,239,176400
419,421,84,83,177241
420,422,42,41,178084
421,423,96,95,178929
422,424,108,107,179776
423,425,900,899,180625
424,426,840,839,181476
425,427,240,239,182329
426,428,72,71,183184
427,429,280,279,184041
428,430,1320,1319,184900
429,431,430,429,185761
430,432,72,71,186624
431,433,868,867,187489
432,434,240,239,188356
433,435,280,279,189225
434,436,108,107,190096
435,437,144,143,190969
436,438,888,887,191844
437,439,438,437,192721
438,440,60,59,193600
439,441,336,335,194481
440,442,252,251,195364
441,443,888,887,196249
442,444,456,455,197136
443,445,220,219,198025
444,446,1344,1343,198916
445,447,296,295,199809
446,448,96,95,200704
447,449,448,447,201601
448,450,600,599,202500
449,451,40,39,203401
450,452,228,227,204304
451,453,200,199,205209
452,454,456,455,206116
453,455,560,559,207025
454,456,72,71,207936
455,457,916,915,208849
456,458,114,113,209764
457,459,72,71,210681
458,460,240,239,211600
459,461,46,45,212521
460,462,240,239,213444
461,463,928,927,214369
462,464,168,167,215296
463,465,120,119,216225
464,466,156,155,217156
465,467,936,935,218089
466,468,168,167,219024
467,469,272,271,219961
468,470,480,479,220900
469,471,632,631,221841
470,472,348,347,222784
471,473,440,439,223729
472,474,312,311,224676
473,475,900,899,225625
474,476,144,143,226576
475,477,216,215,227529
476,478,714,713,228484
477,479,478,477,229441
478,480,240,239,230400
479,481,532,531,231361
480,482,240,239,232324
481,483,48,47,233289
482,484,330,329,234256
483,485,980,979,235225
484,486,648,647,236196
485,487,976,975,237169
486,488,60,59,238144
487,489,328,327,239121
488,490,1680,1679,240100
489,491,490,489,241081
490,492,120,119,242064
491,493,252,251,243049
492,494,252,251,244036
493,495,120,119,245025
494,496,120,119,246016
495,497,560,559,247009
496,498,168,167,248004
497,499,498,497,249001
498,500,1500,1499,250000
499,501,336,335,251001
500,502,750,749,252004
501,503,1008,1007,253009
502,504,48,47,254016
503,505,100,99,255025
504,506,240,239,256036
505,507,728,727,257049
506,508,768,767,258064
507,509,254,253,259081
508,510,360,359,260100
509,511,592,591,261121
510,512,768,767,262144
511,513,72,71,263169
512,514,516,515,264196
513,515,1040,1039,265225
514,516,264,263,266256
515,517,160,159,267289
516,518,912,911,268324
517,519,696,695,269361
518,520,420,419,270400
519,521,26,25,271441
520,522,168,167,272484
521,523,1048,1047,273529
522,524,390,389,274576
523,525,400,399,275625
524,526,528,527,276676
525,527,180,179,277729
526,528,120,119,278784
527,529,1104,1103,279841
528,530,540,539,280900
529,531,696,695,281961
530,532,144,143,283024
531,533,280,279,284089
532,534,264,263,285156
533,535,360,359,286225
534,536,408,407,287296
535,537,712,711,288369
536,538,804,803,289444
537,539,560,559,290521
538,540,360,359,291600
539,541,90,89,292681
540,542,270,269,293764
541,543,360,359,294849
542,544,144,143,295936
543,545,540,539,297025
544,546,336,335,298116
545,547,1096,1095,299209
546,548,276,275,300304
547,549,120,119,301401
548,550,300,299,302500
549,551,126,125,303601
550,552,48,47,304704
551,553,624,623,305809
552,554,1668,1667,306916
553,555,760,759,308025
554,556,138,137,309136
555,557,124,123,310249
556,558,120,119,311364
557,559,616,615,312481
558,560,240,239,313600
559,561,360,359,314721
560,562,168,167,315844
561,563,376,375,316969
562,564,96,95,318096
563,565,380,379,319225
564,566,1704,1703,320356
565,567,432,431,321489
566,568,420,419,322624
567,569,568,567,323761
568,570,360,359,324900
569,571,570,569,326041
570,572,420,419,327184
571,573,760,759,328329
572,574,240,239,329476
573,575,1200,1199,330625
574,576,96,95,331776
575,577,1156,1155,332929
576,578,612,611,334084
577,579,776,775,335241
578,580,420,419,336400
579,581,336,335,337561
580,582,1176,1175,338724
581,583,540,539,339889
582,584,444,443,341056
583,585,840,839,342225
584,586,588,587,343396
585,587,1176,1175,344569
586,588,336,335,345744
587,589,90,89,346921
588,590,1740,1739,348100
589,591,792,791,349281
590,592,456,455,350464
591,593,1188,1187,351649
592,594,360,359,352836
593,595,720,719,354025
594,596,444,443,355216
595,597,88,87,356409
596,598,336,335,357604
597,599,598,597,358801
598,600,600,599,360000
599,601,600,599,361201
600,602,528,527,362404
601,603,408,407,363609
602,604,150,149,364816
603,605,220,219,366025
604,606,600,599,367236
605,607,1216,1215,368449
606,608,144,143,369664
607,609,112,111,370881
608,610,60,59,372100
609,611,224,223,373321
610,612,72,71,374544
611,613,1228,1227,375769
612,614,264,263,376996
613,615,40,39,378225
614,616,240,239,379456
615,617,1236,1235,380689
616,618,624,623,381924
617,619,206,205,383161
618,620,60,59,384400
619,621,144,143,385641
620,622,930,929,386884
621,623,176,175,388129
622,624,168,167,389376
623,625,2500,2499,390625
624,626,1884,1883,391876
625,627,360,359,393129
626,628,948,947,394384
627,629,684,683,395641
628,630,240,239,396900
629,631,630,629,398161
630,632,156,155,399424
631,633,168,167,400689
632,634,636,635,401956
633,635,1280,1279,403225
634,636,216,215,404496
635,637,112,111,405769
636,638,210,209,407044
637,639,840,839,408321
638,640,960,959,409600
639,641,640,639,410881
640,642,72,71,412164
641,643,1288,1287,413449
642,644,48,47,414736
643,645,440,439,416025
644,646,36,35,417316
645,647,1296,1295,418609
646,648,216,215,419904
647,649,290,289,421201
648,650,2100,2099,422500
649,651,240,239,423801
650,652,984,983,425104
651,653,1308,1307,426409
652,654,216,215,427716
653,655,260,259,429025
654,656,120,119,430336
655,657,888,887,431649
656,658,96,95,432964
657,659,658,657,434281
658,660,120,119,435600
659,661,220,219,436921
660,662,330,329,438244
661,663,504,503,439569
662,664,168,167,440896
663,665,720,719,442225
664,666,456,455,443556
665,667,336,335,444889
666,668,336,335,446224
667,669,448,447,447561
668,670,2040,2039,448900
669,671,60,59,450241
670,672,48,47,451584
671,673,1348,1347,452929
672,674,2028,2027,454276
673,675,1800,1799,455625
674,676,1092,1091,456976
675,677,452,451,458329
676,678,456,455,459684
677,679,784,783,461041
678,680,180,179,462400
679,681,456,455,463761
680,682,30,29,465124
681,683,1368,1367,466489
682,684,72,71,467856
683,685,1380,1379,469225
684,686,2352,2351,470596
685,687,456,455,471969
686,688,264,263,473344
687,689,756,755,474721
688,690,240,239,476100
689,691,138,137,477481
690,692,348,347,478864
691,693,240,239,480249
692,694,696,695,481636
693,695,460,459,483025
694,696,168,167,484416
695,697,360,359,485809
696,698,174,173,487204
697,699,104,103,488601
698,700,1200,1199,490000
699,701,700,699,491401
700,702,504,503,492804
701,703,684,683,494209
702,704,480,479,495616
703,705,160,159,497025
704,706,708,707,498436
705,707,400,399,499849
706,708,696,695,501264
707,709,118,117,502681
708,710,420,419,504100
709,711,312,311,505521
710,712,132,131,506944
711,713,240,239,508369
712,714,144,143,509796
713,715,140,139,511225
714,716,534,533,512656
715,717,952,951,514089
716,718,1074,1073,515524
717,719,718,717,516961
718,720,120,119,518400
719,721,208,207,519841
720,722,342,341,521284
721,723,240,239,522729
722,724,90,89,524176
723,725,700,699,525625
724,726,1320,1319,527076
725,727,1456,1455,528529
726,728,336,335,529984
727,729,1944,1943,531441
728,730,2220,2219,532900
729,731,792,791,534361
730,732,120,119,535824
731,733,1468,1467,537289
732,734,2208,2207,538756
733,735,560,559,540225
734,736,48,47,541696
735,737,680,679,543169
736,738,120,119,544644
737,739,738,737,546121
738,740,1140,1139,547600
739,741,504,503,549081
740,742,432,431,550564
741,743,496,495,552049
742,744,120,119,553536
743,745,740,739,555025
744,746,2244,2243,556516
745,747,168,167,558009
746,748,180,179,559504
747,749,144,143,561001
748,750,3000,2999,562500
749,751,750,749,564001
750,752,96,95,565504
751,753,1000,999,567009
752,754,84,83,568516
753,755,100,99,570025
754,756,144,143,571536
755,757,1516,1515,573049
756,758,378,377,574564
757,759,240,239,576081
758,760,180,179,577600
759,761,380,379,579121
760,762,768,767,580644
761,763,432,431,582169
762,764,570,569,583696
763,765,360,359,585225
764,766,768,767,586756
765,767,812,811,588289
766,768,384,383,589824
767,769,192,191,591361
768,770,240,239,592900
769,771,1032,1031,594441
770,772,1164,1163,595984
771,773,1548,1547,597529
772,774,264,263,599076
773,775,300,299,600625
774,776,588,587,602176
775,777,304,303,603729
776,778,1164,1163,605284
777,779,360,359,606841
778,780,840,839,608400
779,781,70,69,609961
780,782,144,143,611524
781,783,504,503,613089
782,784,336,335,614656
783,785,1580,1579,616225
784,786,1560,1559,617796
785,787,1576,1575,619369
786,788,396,395,620944
787,789,176,175,622521
788,790,780,779,624100
789,791,304,303,625681
790,792,120,119,627264
791,793,420,419,628849
792,794,2388,2387,630436
793,795,1080,1079,632025
794,796,66,65,633616
795,797,228,227,635209
796,798,144,143,636804
797,799,288,287,638401
798,800,1200,1199,640000
799,801,264,263,641601
800,802,600,599,643204
801,803,740,739,644809
802,804,408,407,646416
803,805,240,239,648025
804,806,420,419,649636
805,807,536,535,651249
806,808,300,299,652864
807,809,202,201,654481
808,810,1080,1079,656100
809,811,270,269,657721
810,812,336,335,659344
811,813,1080,1079,660969
812,814,1140,1139,662596
813,815,1640,1639,664225
814,816,72,71,665856
815,817,792,791,667489
816,818,408,407,669124
817,819,336,335,670761
818,820,120,119,672400
819,821,820,819,674041
820,822,552,551,675684
821,823,1648,1647,677329
822,824,624,623,678976
823,825,200,199,680625
824,826,1392,1391,682276
825,827,1656,1655,683929
826,828,48,47,685584
827,829,276,275,687241
828,830,840,839,688900
829,831,1112,1111,690561
830,832,672,671,692224
831,833,1008,1007,693889
832,834,552,551,695556
833,835,1680,1679,697225
834,836,90,89,698896
835,837,360,359,700569
836,838,1254,1253,702244
837,839,838,837,703921
838,840,240,239,705600
839,841,406,405,707281
840,842,84,83,708964
841,843,56,55,710649
842,844,42,41,712336
843,845,1820,1819,714025
844,846,96,95,715716
845,847,880,879,717409
846,848,216,215,719104
847,849,568,567,720801
848,850,900,899,722500
849,851,912,911,724201
850,852,840,839,725904
851,853,1708,1707,727609
852,854,240,239,729316
853,855,360,359,731025
854,856,72,71,732736
855,857,1716,1715,734449
856,858,840,839,736164
857,859,78,77,737881
858,860,1320,1319,739600
859,861,80,79,741321
860,862,1290,1289,743044
861,863,1728,1727,744769
862,864,144,143,746496
863,865,1740,1739,748225
864,866,2604,2603,749956
865,867,1224,1223,751689
866,868,240,239,753424
867,869,390,389,755161
868,870,840,839,756900
869,871,952,951,758641
870,872,108,107,760384
871,873,1176,1175,762129
872,874,144,143,763876
873,875,2000,1999,765625
874,876,888,887,767376
875,877,1756,1755,769129
876,878,438,437,770884
877,879,1176,1175,772641
878,880,120,119,774400
879,881,176,175,776161
880,882,336,335,777924
881,883,1768,1767,779689
882,884,252,251,781456
883,885,1160,1159,783225
884,886,888,887,784996
885,887,1776,1775,786769
886,888,456,455,788544
887,889,256,255,790321
888,890,660,659,792100
889,891,1080,1079,793881
890,892,1344,1343,795664
891,893,288,287,797449
892,894,888,887,799236
893,895,1780,1779,801025
894,896,192,191,802816
895,897,336,335,804609
896,898,1344,1343,806404
897,899,210,209,808201
898,900,600,599,810000
899,901,108,107,811801
900,902,120,119,813604
901,903,176,175,815409
902,904,228,227,817216
903,905,180,179,819025
904,906,600,599,820836
905,907,1816,1815,822649
906,908,456,455,824464
907,909,600,599,826281
908,910,1680,1679,828100
909,911,70,69,829921
910,912,72,71,831744
911,913,840,839,833569
912,914,2748,2747,835396
913,915,120,119,837225
914,916,114,113,839056
915,917,1040,1039,840889
916,918,72,71,842724
917,919,102,101,844561
918,920,240,239,846400
919,921,88,87,848241
920,922,138,137,850084
921,923,140,139,851929
922,924,240,239,853776
923,925,1900,1899,855625
924,926,2784,2783,857476
925,927,624,623,859329
926,928,336,335,861184
927,929,928,927,863041
928,930,120,119,864900
929,931,1008,1007,866761
930,932,156,155,868624
931,933,1240,1239,870489
932,934,936,935,872356
933,935,180,179,874225
934,936,168,167,876096
935,937,1876,1875,877969
936,938,816,815,879844
937,939,1256,1255,881721
938,940,480,479,883600
939,941,470,469,885481
940,942,1896,1895,887364
941,943,240,239,889249
942,944,696,695,891136
943,945,720,719,893025
944,946,1320,1319,894916
945,947,1896,1895,896809
946,948,312,311,898704
947,949,1036,1035,900601
948,950,900,899,902500
949,951,1272,1271,904401
950,952,144,143,906304
951,953,212,211,908209
952,954,216,215,910116
953,955,380,379,912025
954,956,714,713,913936
955,957,280,279,915849
956,958,1434,1433,917764
957,959,1104,1103,919681
958,960,480,479,921600
959,961,930,929,923521
960,962,1596,1595,925444
961,963,72,71,927369
962,964,240,239,929296
963,965,1940,1939,931225
964,966,48,47,933156
965,967,176,175,935089
966,968,660,659,937024
967,969,72,71,938961
968,970,2940,2939,940900
969,971,970,969,942841
970,972,648,647,944784
971,973,368,367,946729
972,974,2928,2927,948676
973,975,1400,1399,950625
974,976,120,119,952576
975,977,652,651,954529
976,978,984,983,956484
977,979,220,219,958441
978,980,1680,1679,960400
979,981,216,215,962361
980,982,1470,1469,964324
981,983,1968,1967,966289
982,984,120,119,968256
983,985,1980,1979,970225
984,986,252,251,972196
985,987,32,31,974169
986,988,252,251,976144
987,989,528,527,978121
988,990,120,119,980100
989,991,198,197,982081
990,992,240,239,984064
991,993,440,439,986049
992,994,1680,1679,988036
993,995,220,219,990025
994,996,168,167,992016
995,997,1996,1995,994009
996,998,498,497,996004
997,999,1368,1367,998001
998,1000,1500,1499,1000000
999,1001,560,559,1002001
1000,1002,336,335,1004004
1001,1003,1044,1043,1006009
1002,1004,750,749,1008016
1003,1005,680,679,1010025
1004,1006,1008,1007,1012036
1005,1007,108,107,1014049
1006,1008,48,47,1016064
1007,1009,126,125,1018081
1008,1010,300,299,1020100
1009,1011,1352,1351,1022121
1010,1012,240,239,1024144
1011,1013,2028,2027,1026169
1012,1014,2184,2183,1028196
1013,1015,560,559,1030225
1014,1016,768,767,1032256
1015,1017,456,455,1034289
1016,1018,762,761,1036324
1017,1019,1018,1017,1038361
1018,1020,360,359,1040400
1019,1021,510,509,1042441
1020,1022,1776,1775,1044484
1021,1023,120,119,1046529
1022,1024,1536,1535,1048576
1023,1025,200,199,1050625
1024,1026,72,71,1052676
1025,1027,1092,1091,1054729
1026,1028,516,515,1056784
1027,1029,784,783,1058841
1028,1030,3120,3119,1060900
1029,1031,206,205,1062961
1030,1032,264,263,1065024
1031,1033,2068,2067,1067089
1032,1034,480,479,1069156
1033,1035,240,239,1071225
1034,1036,912,911,1073296
1035,1037,180,179,1075369
1036,1038,696,695,1077444
1037,1039,1038,1037,1079521
1038,1040,840,839,1081600
1039,1041,232,231,1083681
1040,1042,78,77,1085764
1041,1043,592,591,1087849
1042,1044,168,167,1089936
1043,1045,180,179,1092025
1044,1046,3144,3143,1094116
1045,1047,696,695,1096209
1046,1048,780,779,1098304
1047,1049,262,261,1100401
1048,1050,1200,1199,1102500
1049,1051,1050,1049,1104601
1050,1052,528,527,1106704
1051,1053,1512,1511,1108809
1052,1054,180,179,1110916
1053,1055,420,419,1113025
1054,1056,240,239,1115136
1055,1057,400,399,1117249
1056,1058,1104,1103,1119364
1057,1059,472,471,1121481
1058,1060,540,539,1123600
1059,1061,530,529,1125721
1060,1062,696,695,1127844
1061,1063,2128,2127,1129969
1062,1064,144,143,1132096
1063,1065,280,279,1134225
1064,1066,840,839,1136356
1065,1067,980,979,1138489
1066,1068,264,263,1140624
1067,1069,356,355,1142761
1068,1070,360,359,1144900
1069,1071,144,143,1147041
1070,1072,408,407,1149184
1071,1073,532,531,1151329
1072,1074,2136,2135,1153476
1073,1075,2200,2199,1155625
1074,1076,804,803,1157776
1075,1077,1432,1431,1159929
1076,1078,1680,1679,1162084
1077,1079,168,167,1164241
1078,1080,360,359,1166400
1079,1081,96,95,1168561
1080,1082,90,89,1170724
1081,1083,1368,1367,1172889
1082,1084,270,269,1175056
1083,1085,240,239,1177225
1084,1086,360,359,1179396
1085,1087,128,127,1181569
1086,1088,288,287,1183744
1087,1089,1320,1319,1185921
1088,1090,540,539,1188100
1089,1091,1090,1089,1190281
1090,1092,336,335,1192464
1091,1093,2188,2187,1194649
1092,1094,3288,3287,1196836
1093,1095,1480,1479,1199025
1094,1096,276,275,1201216
1095,1097,732,731,1203409
1096,1098,120,119,1205604
1097,1099,1264,1263,1207801
1098,1100,300,299,1210000
1099,1101,736,735,1212201
1100,1102,126,125,1214404
1101,1103,96,95,1216609
1102,1104,48,47,1218816
1103,1105,1260,1259,1221025
1104,1106,624,623,1223236
1105,1107,360,359,1225449
1106,1108,1668,1667,1227664
1107,1109,554,553,1229881
1108,1110,2280,2279,1232100
1109,1111,50,49,1234321
1110,1112,276,275,1236544
1111,1113,432,431,1238769
1112,1114,372,371,1240996
1113,1115,2240,2239,1243225
1114,1116,120,119,1245456
1115,1117,2236,2235,1247689
1116,1118,1848,1847,1249924
1117,1119,1496,1495,1252161
1118,1120,240,239,1254400
1119,1121,522,521,1256641
1120,1122,360,359,1258884
1121,1123,2248,2247,1261129
1122,1124,168,167,1263376
1123,1125,3000,2999,1265625
1124,1126,1128,1127,1267876
1125,1127,336,335,1270129
1126,1128,96,95,1272384
1127,1129,1128,1127,1274641
1128,1130,1140,1139,1276900
1129,1131,56,55,1279161
1130,1132,1704,1703,1281424
1131,1133,1040,1039,1283689
1132,1134,432,431,1285956
1133,1135,2280,2279,1288225
1134,1136,840,839,1290496
1135,1137,1512,1511,1292769
1136,1138,1704,1703,1295044
1137,1139,1224,1223,1297321
1138,1140,360,359,1299600
1139,1141,656,655,1301881
1140,1142,570,569,1304164
1141,1143,768,767,1306449
1142,1144,420,419,1308736
1143,1145,1140,1139,1311025
1144,1146,2280,2279,1313316
1145,1147,1140,1139,1315609
1146,1148,240,239,1317904
1147,1149,768,767,1320201
1148,1150,1200,1199,1322500
1149,1151,230,229,1324801
1150,1152,192,191,1327104
1151,1153,2308,2307,1329409
1152,1154,3468,3467,1331716
1153,1155,80,79,1334025
1154,1156,612,611,1336336
1155,1157,308,307,1338649
1156,1158,2328,2327,1340964
1157,1159,180,179,1343281
1158,1160,420,419,1345600
1159,1161,792,791,1347921
1160,1162,336,335,1350244
1161,1163,2328,2327,1352569
1162,1164,1176,1175,1354896
1163,1165,260,259,1357225
1164,1166,540,539,1359556
1165,1167,776,775,1361889
1166,1168,888,887,1364224
1167,1169,336,335,1366561
1168,1170,840,839,1368900
1169,1171,1170,1169,1371241
1170,1172,588,587,1373584
1171,1173,144,143,1375929
1172,1174,1176,1175,1378276
1173,1175,800,799,1380625
1174,1176,336,335,1382976
1175,1177,360,359,1385329
1176,1178,90,89,1387684
1177,1179,1560,1559,1390041
1178,1180,1740,1739,1392400
1179,1181,1180,1179,1394761
1180,1182,792,791,1397124
1181,1183,1456,1455,1399489
1182,1184,912,911,1401856
1183,1185,1560,1559,1404225
1184,1186,1188,1187,1406596
1185,1187,2376,2375,1408969
1186,1188,360,359,1411344
1187,1189,280,279,1413721
1188,1190,720,719,1416100
1189,1191,1592,1591,1418481
1190,1192,444,443,1420864
1191,1193,2388,2387,1423249
1192,1194,264,263,1425636
1193,1195,2380,2379,1428025
1194,1196,336,335,1430416
1195,1197,144,143,1432809
1196,1198,1794,1793,1435204
1197,1199,540,539,1437601
1198,1200,600,599,1440000
1199,1201,1200,1199,1442401
1200,1202,600,599,1444804
1201,1203,200,199,1447209
1202,1204,528,527,1449616
1203,1205,240,239,1452025
1204,1206,408,407,1454436
1205,1207,1260,1259,1456849
1206,1208,300,299,1459264
1207,1209,840,839,1461681
1208,1210,660,659,1464100
1209,1211,1392,1391,1466521
1210,1212,600,599,1468944
1211,1213,2428,2427,1471369
1212,1214,3648,3647,1473796
1213,1215,3240,3239,1476225
1214,1216,288,287,1478656
1215,1217,812,811,1481089
1216,1218,336,335,1483524
1217,1219,432,431,1485961
1218,1220,60,59,1488400
1219,1221,760,759,1490841
1220,1222,672,671,1493284
1221,1223,816,815,1495729
1222,1224,72,71,1498176
1223,1225,2800,2799,1500625
1224,1226,3684,3683,1503076
1225,1227,408,407,1505529
1226,1228,264,263,1507984
1227,1229,614,613,1510441
1228,1230,120,119,1512900
1229,1231,410,409,1515361
1230,1232,240,239,1517824
1231,1233,552,551,1520289
1232,1234,1236,1235,1522756
1233,1235,1260,1259,1525225
1234,1236,624,623,1527696
1235,1237,2476,2475,1530169
1236,1238,618,617,1532644
1237,1239,464,463,1535121
1238,1240,60,59,1537600
1239,1241,1332,1331,1540081
1240,1242,144,143,1542564
1241,1243,380,379,1545049
1242,1244,930,929,1547536
1243,1245,840,839,1550025
1244,1246,528,527,1552516
1245,1247,616,615,1555009
1246,1248,336,335,1557504
1247,1249,624,623,1560001
1248,1250,7500,7499,1562500
1249,1251,552,551,1565001
1250,1252,1884,1883,1567504
1251,1253,1424,1423,1570009
1252,1254,360,359,1572516
1253,1255,500,499,1575025
1254,1256,948,947,1577536
1255,1257,1672,1671,1580049
1256,1258,684,683,1582564
1257,1259,1258,1257,1585081
1258,1260,240,239,1587600
1259,1261,196,195,1590121
1260,1262,630,629,1592644
1261,1263,168,167,1595169
1262,1264,312,311,1597696
1263,1265,240,239,1600225
1264,1266,168,167,1602756
1265,1267,720,719,1605289
1266,1268,636,635,1607824
1267,1269,288,287,1610361
1268,1270,3840,3839,1612900
1269,1271,120,119,1615441
1270,1272,216,215,1617984
1271,1273,1224,1223,1620529
1272,1274,336,335,1623076
1273,1275,1800,1799,1625625
1274,1276,210,209,1628176
1275,1277,852,851,1630729
1276,1278,840,839,1633284
1277,1279,426,425,1635841
1278,1280,1920,1919,1638400
1279,1281,240,239,1640961
1280,1282,1920,1919,1643524
1281,1283,2568,2567,1646089
1282,1284,72,71,1648656
1283,1285,2580,2579,1651225
1284,1286,3864,3863,1653796
1285,1287,840,839,1656369
1286,1288,48,47,1658944
1287,1289,322,321,1661521
1288,1290,1320,1319,1664100
1289,1291,430,429,1666681
1290,1292,36,35,1669264
1291,1293,1720,1719,1671849
1292,1294,1296,1295,1674436
1293,1295,1520,1519,1677025
1294,1296,216,215,1679616
1295,1297,2596,2595,1682209
1296,1298,870,869,1684804
1297,1299,1736,1735,1687401
1298,1300,2100,2099,1690000
1299,1301,1300,1299,1692601
1300,1302,240,239,1695204
1301,1303,2608,2607,1697809
1302,1304,984,983,1700416
1303,1305,840,839,1703025
1304,1306,1308,1307,1705636
1305,1307,872,871,1708249
1306,1308,216,215,1710864
1307,1309,720,719,1713481
1308,1310,780,779,1716100
1309,1311,144,143,1718721
1310,1312,240,239,1721344
1311,1313,700,699,1723969
1312,1314,888,887,1726596
1313,1315,880,879,1729225
1314,1316,96,95,1731856
1315,1317,1752,1751,1734489
1316,1318,1974,1973,1737124
1317,1319,1318,1317,1739761
1318,1320,120,119,1742400
1319,1321,1320,1319,1745041
1320,1322,660,659,1747684
1321,1323,1008,1007,1750329
1322,1324,330,329,1752976
1323,1325,2700,2699,1755625
1324,1326,504,503,1758276
1325,1327,2656,2655,1760929
1326,1328,168,167,1763584
1327,1329,888,887,1766241
1328,1330,720,719,1768900
1329,1331,1210,1209,1771561
1330,1332,456,455,1774224
1331,1333,1320,1319,1776889
1332,1334,336,335,1779556
1333,1335,440,439,1782225
1334,1336,336,335,1784896
1335,1337,1520,1519,1787569
1336,1338,1344,1343,1790244
1337,1339,1456,1455,1792921
1338,1340,2040,2039,1795600
1339,1341,888,887,1798281
1340,1342,60,59,1800964
1341,1343,468,467,1803649
1342,1344,96,95,1806336
1343,1345,1340,1339,1809025
1344,1346,4044,4043,1811716
1345,1347,448,447,1814409
1346,1348,2028,2027,1817104
1347,1349,630,629,1819801
1348,1350,1800,1799,1822500
1349,1351,1552,1551,1825201
1350,1352,1092,1091,1827904
1351,1353,40,39,1830609
1352,1354,1356,1355,1833316
1353,1355,540,539,1836025
1354,1356,456,455,1838736
1355,1357,1392,1391,1841449
1356,1358,2352,2351,1844164
1357,1359,600,599,1846881
1358,1360,360,359,1849600
1359,1361,680,679,1852321
1360,1362,456,455,1855044
1361,1363,224,223,1857769
1362,1364,30,29,1860496
1363,1365,560,559,1863225
1364,1366,1368,1367,1865956
1365,1367,2736,2735,1868689
1366,1368,72,71,1871424
1367,1369,2812,2811,1874161
1368,1370,1380,1379,1876900
1369,1371,1832,1831,1879641
1370,1372,2352,2351,1882384
1371,1373,2748,2747,1885129
1372,1374,456,455,1887876
1373,1375,500,499,1890625
1374,1376,528,527,1893376
1375,1377,216,215,1896129
1376,1378,756,755,1898884
1377,1379,1584,1583,1901641
1378,1380,240,239,1904400
1379,1381,460,459,1907161
1380,1382,138,137,1909924
1381,1383,184,183,1912689
1382,1384,348,347,1915456
1383,1385,2780,2779,1918225
1384,1386,240,239,1920996
1385,1387,1332,1331,1923769
1386,1388,696,695,1926544
1387,1389,928,927,1929321
1388,1390,1380,1379,1932100
1389,1391,504,503,1934881
1390,1392,168,167,1937664
1391,1393,176,175,1940449
1392,1394,360,359,1943236
1393,1395,120,119,1946025
1394,1396,174,173,1948816
1395,1397,1280,1279,1951609
1396,1398,312,311,1954404
1397,1399,1398,1397,1957201
1398,1400,1200,1199,1960000
1399,1401,936,935,1962801
1400,1402,2100,2099,1965604
1401,1403,240,239,1968409
1402,1404,504,503,1971216
1403,1405,280,279,1974025
1404,1406,684,683,1976836
1405,1407,272,271,1979649
1406,1408,960,959,1982464
1407,1409,704,703,1985281
1408,1410,480,479,1988100
1409,1411,504,503,1990921
1410,1412,708,707,1993744
1411,1413,1896,1895,1996569
1412,1414,1200,1199,1999396
1413,1415,2840,2839,2002225
1414,1416,696,695,2005056
1415,1417,756,755,2007889
1416,1418,354,353,2010724
1417,1419,440,439,2013561
1418,1420,420,419,2016400
1419,1421,112,111,2019241
1420,1422,312,311,2022084
1421,1423,2848,2847,2024929
1422,1424,264,263,2027776
1423,1425,1800,1799,2030625
1424,1426,240,239,2033476
1425,1427,168,167,2036329
1426,1428,144,143,2039184
1427,1429,1428,1427,2042041
1428,1430,420,419,2044900
1429,1431,216,215,2047761
1430,1432,1068,1067,2050624
1431,1433,2868,2867,2053489
1432,1434,2856,2855,2056356
1433,1435,80,79,2059225
1434,1436,1074,1073,2062096
1435,1437,1912,1911,2064969
1436,1438,2154,2153,2067844
1437,1439,1438,1437,2070721
1438,1440,240,239,2073600
1439,1441,130,129,2076481
1440,1442,624,623,2079364
1441,1443,1064,1063,2082249
1442,1444,342,341,2085136
1443,1445,3060,3059,2088025
1444,1446,240,239,2090916
1445,1447,2896,2895,2093809
1446,1448,180,179,2096704
1447,1449,48,47,2099601
1448,1450,2100,2099,2102500
1449,1451,1450,1449,2105401
1450,1452,1320,1319,2108304
1451,1453,2908,2907,2111209
1452,1454,4368,4367,2114116
1453,1455,1960,1959,2117025
1454,1456,336,335,2119936
1455,1457,480,479,2122849
1456,1458,1944,1943,2125764
1457,1459,1458,1457,2128681
1458,1460,2220,2219,2131600
1459,1461,976,975,2134521
1460,1462,792,791,2137444
1461,1463,720,719,2140369
1462,1464,120,119,2143296
1463,1465,2940,2939,2146225
1464,1466,4404,4403,2149156
1465,1467,984,983,2152089
1466,1468,2208,2207,2155024
1467,1469,532,531,2157961
1468,1470,1680,1679,2160900
1469,1471,490,489,2163841
1470,1472,96,95,2166784
1471,1473,1960,1959,2169729
1472,1474,2040,2039,2172676
1473,1475,2900,2899,2175625
1474,1476,120,119,2178576
1475,1477,336,335,2181529
1476,1478,738,737,2184484
1477,1479,504,503,2187441
1478,1480,1140,1139,2190400
1479,1481,1480,1479,2193361
1480,1482,504,503,2196324
1481,1483,424,423,2199289
1482,1484,432,431,2202256
1483,1485,360,359,2205225
1484,1486,1488,1487,2208196
1485,1487,2976,2975,2211169
1486,1488,120,119,2214144
1487,1489,1488,1487,2217121
1488,1490,2220,2219,2220100
1489,1491,560,559,2223081
1490,1492,2244,2243,2226064
1491,1493,2988,2987,2229049
1492,1494,168,167,2232036
1493,1495,1680,1679,2235025
1494,1496,180,179,2238016
1495,1497,1992,1991,2241009
1496,1498,144,143,2244004
1497,1499,1498,1497,2247001
1498,1500,3000,2999,2250000
1499,1501,234,233,2253001
1500,1502,750,749,2256004
1501,1503,336,335,2259009
1502,1504,96,95,2262016
1503,1505,880,879,2265025
1504,1506,3000,2999,2268036
1505,1507,1380,1379,2271049
1506,1508,84,83,2274064
1507,1509,1008,1007,2277081
1508,1510,300,299,2280100
1509,1511,302,301,2283121
1510,1512,144,143,2286144
1511,1513,396,395,2289169
1512,1514,4548,4547,2292196
1513,1515,200,199,2295225
1514,1516,378,377,2298256
1515,1517,760,759,2301289
1516,1518,240,239,2304324
1517,1519,1680,1679,2307361
1518,1520,360,359,2310400
1519,1521,2184,2183,2313441
1520,1522,1140,1139,2316484
1521,1523,1016,1015,2319529
1522,1524,768,767,2322576
1523,1525,300,299,2325625
1524,1526,432,431,2328676
1525,1527,1016,1015,2331729
1526,1528,1140,1139,2334784
1527,1529,230,229,2337841
1528,1530,360,359,2340900
1529,1531,1530,1529,2343961
1530,1532,768,767,2347024
1531,1533,592,591,2350089
1532,1534,2436,2435,2353156
1533,1535,440,439,2356225
1534,1536,768,767,2359296
1535,1537,756,755,2362369
1536,1538,192,191,2365444
1537,1539,216,215,2368521
1538,1540,240,239,2371600
1539,1541,816,815,2374681
1540,1542,1032,1031,2377764
1541,1543,3088,3087,2380849
1542,1544,1164,1163,2383936
1543,1545,1040,1039,2387025
1544,1546,1548,1547,2390116
1545,1547,1008,1007,2393209
1546,1548,264,263,2396304
1547,1549,774,773,2399401
1548,1550,300,299,2402500
1549,1551,160,159,2405601
1550,1552,1176,1175,2408704
1551,1553,1036,1035,2411809
1552,1554,912,911,2414916
1553,1555,620,619,2418025
1554,1556,1164,1163,2421136
1555,1557,696,695,2424249
1556,1558,360,359,2427364
1557,1559,1558,1557,2430481
1558,1560,840,839,2433600
1559,1561,448,447,2436721
1560,1562,210,209,2439844
1561,1563,104,103,2442969
1562,1564,144,143,2446096
1563,1565,3140,3139,2449225
1564,1566,504,503,2452356
1565,1567,3136,3135,2455489
1566,1568,336,335,2458624
1567,1569,1048,1047,2461761
1568,1570,4740,4739,2464900
1569,1571,1570,1569,2468041
1570,1572,1560,1559,2471184
1571,1573,1540,1539,2474329
1572,1574,4728,4727,2477476
1573,1575,1200,1199,2480625
1574,1576,396,395,2483776
1575,1577,504,503,2486929
1576,1578,528,527,2490084
1577,1579,526,525,2493241
1578,1580,780,779,2496400
1579,1581,360,359,2499561
1580,1582,912,911,2502724
1581,1583,3168,3167,2505889
1582,1584,120,119,2509056
1583,1585,3180,3179,2512225
1584,1586,420,419,2515396
1585,1587,1104,1103,2518569
1586,1588,2388,2387,2521744
1587,1589,912,911,2524921
1588,1590,1080,1079,2528100
1589,1591,1672,1671,2531281
1590,1592,132,131,2534464
1591,1593,2088,2087,2537649
1592,1594,228,227,2540836
1593,1595,140,139,2544025
1594,1596,144,143,2547216
1595,1597,68,67,2550409
1596,1598,288,287,2553604
1597,1599,280,279,2556801
1598,1600,2400,2399,2560000
1599,1601,160,159,2563201
1600,1602,264,263,2566404
1601,1603,912,911,2569609
1602,1604,600,599,2572816
1603,1605,360,359,2576025
1604,1606,2220,2219,2579236
1605,1607,3216,3215,2582449
1606,1608,408,407,2585664
1607,1609,1608,1607,2588881
1608,1610,240,239,2592100
1609,1611,2136,2135,2595321
1610,1612,420,419,2598544
1611,1613,3228,3227,2601769
1612,1614,1608,1607,2604996
1613,1615,180,179,2608225
1614,1616,600,599,2611456
1615,1617,560,559,2614689
1616,1618,606,605,2617924
1617,1619,1618,1617,2621161
1618,1620,1080,1079,2624400
1619,1621,810,809,2627641
1620,1622,270,269,2630884
1621,1623,360,359,2634129
1622,1624,336,335,2637376
1623,1625,3500,3499,2640625
1624,1626,1080,1079,2643876
1625,1627,3256,3255,2647129
1626,1628,1140,1139,2650384
1627,1629,360,359,2653641
1628,1630,4920,4919,2656900
1629,1631,208,207,2660161
1630,1632,144,143,2663424
1631,1633,1680,1679,2666689
1632,1634,792,791,2669956
1633,1635,1080,1079,2673225
1634,1636,408,407,2676496
1635,1637,3276,3275,2679769
1636,1638,336,335,2683044
1637,1639,740,739,2686321
1638,1640,120,119,2689600
1639,1641,1096,1095,2692881
1640,1642,2460,2459,2696164
1641,1643,540,539,2699449
1642,1644,552,551,2702736
1643,1645,160,159,2706025
1644,1646,4944,4943,2709316
1645,1647,360,359,2712609
1646,1648,624,623,2715904
1647,1649,1764,1763,2719201
1648,1650,600,599,2722500
1649,1651,1792,1791,2725801
1650,1652,1392,1391,2729104
1651,1653,504,503,2732409
1652,1654,1656,1655,2735716
1653,1655,220,219,2739025
1654,1656,48,47,2742336
1655,1657,3316,3315,2745649
1656,1658,276,275,2748964
1657,1659,624,623,2752281
1658,1660,840,839,2755600
1659,1661,50,49,2758921
1660,1662,3336,3335,2762244
1661,1663,3328,3327,2765569
1662,1664,1344,1343,2768896
1663,1665,2280,2279,2772225
1664,1666,1008,1007,2775556
1665,1667,3336,3335,2778889
1666,1668,552,551,2782224
1667,1669,834,833,2785561
1668,1670,1680,1679,2788900
1669,1671,248,247,2792241
1670,1672,180,179,2795584
1671,1673,1904,1903,2798929
1672,1674,360,359,2802276
1673,1675,3400,3399,2805625
1674,1676,1254,1253,2808976
1675,1677,616,615,2812329
1676,1678,2514,2513,2815684
1677,1679,1776,1775,2819041
1678,1680,240,239,2822400
1679,1681,1640,1639,2825761
1680,1682,1218,1217,2829124
1681,1683,360,359,2832489
1682,1684,84,83,2835856
1683,1685,3380,3379,2839225
1684,1686,168,167,2842596
1685,1687,240,239,2845969
1686,1688,84,83,2849344
1687,1689,376,375,2852721
1688,1690,5460,5459,2856100
1689,1691,396,395,2859481
1690,1692,96,95,2862864
1691,1693,3388,3387,2866249
1692,1694,2640,2639,2869636
1693,1695,760,759,2873025
1694,1696,432,431,2876416
1695,1697,3396,3395,2879809
1696,1698,1704,1703,2883204
1697,1699,566,565,2886601
1698,1700,900,899,2890000
1699,1701,1296,1295,2893401
1700,1702,912,911,2896804
1701,1703,1820,1819,2900209
1702,1704,840,839,2903616
1703,1705,60,59,2907025
1704,1706,5124,5123,2910436
1705,1707,568,567,2913849
1706,1708,240,239,2917264
1707,1709,854,853,2920681
1708,1710,360,359,2924100
1709,1711,406,405,2927521
1710,1712,72,71,2930944
1711,1713,2280,2279,2934369
1712,1714,1716,1715,2937796
1713,1715,3920,3919,2941225
1714,1716,840,839,2944656
1715,1717,900,899,2948089
1716,1718,78,77,2951524
1717,1719,2280,2279,2954961
1718,1720,1320,1319,2958400
1719,1721,430,429,2961841
1720,1722,240,239,2965284
1721,1723,3448,3447,2968729
1722,1724,1290,1289,2972176
1723,1725,1200,1199,2975625
1724,1726,1728,1727,2979076
1725,1727,1580,1579,2982529
1726,1728,288,287,2985984
1727,1729,1008,1007,2989441
1728,1730,1740,1739,2992900
1729,1731,2312,2311,2996361
1730,1732,2604,2603,2999824
1731,1733,1156,1155,3003289
1732,1734,1224,1223,3006756
1733,1735,1160,1159,3010225
1734,1736,240,239,3013696
1735,1737,2328,2327,3017169
1736,1738,390,389,3020644
1737,1739,608,607,3024121
1738,1740,840,839,3027600
1739,1741,870,869,3031081
1740,1742,2856,2855,3034564
1741,1743,336,335,3038049
1742,1744,216,215,3041536
1743,1745,1740,1739,3045025
1744,1746,1176,1175,3048516
1745,1747,3496,3495,3052009
1746,1748,144,143,3055504
1747,1749,1080,1079,3059001
1748,1750,6000,5999,3062500
1749,1751,1872,1871,3066001
1750,1752,888,887,3069504
1751,1753,3508,3507,3073009
1752,1754,5268,5267,3076516
1753,1755,2520,2519,3080025
1754,1756,438,437,3083536
1755,1757,2000,1999,3087049
1756,1758,1176,1175,3090564
1757,1759,1758,1757,3094081
1758,1760,240,239,3097600
1759,1761,1176,1175,3101121
1760,1762,528,527,3104644
1761,1763,440,439,3108169
1762,1764,336,335,3111696
1763,1765,1180,1179,3115225
1764,1766,5304,5303,3118756
1765,1767,360,359,3122289
1766,1768,252,251,3125824
1767,1769,420,419,3129361
1768,1770,3480,3479,3132900
1769,1771,240,239,3136441
1770,1772,888,887,3139984
1771,1773,792,791,3143529
1772,1774,1776,1775,3147076
1773,1775,700,699,3150625
1774,1776,456,455,3154176
1775,1777,3556,3555,3157729
1776,1778,768,767,3161284
1777,1779,2376,2375,3164841
1778,1780,660,659,3168400
1779,1781,1932,1931,3171961
1780,1782,1080,1079,3175524
1781,1783,3568,3567,3179089
1782,1784,1344,1343,3182656
1783,1785,720,719,3186225
1784,1786,288,287,3189796
1785,1787,3576,3575,3193369
1786,1788,888,887,3196944
1787,1789,894,893,3200521
1788,1790,5340,5339,3204100
1789,1791,264,263,3207681
1790,1792,384,383,3211264
1791,1793,1640,1639,3214849
1792,1794,336,335,3218436
1793,1795,3580,3579,3222025
1794,1796,1344,1343,3225616
1795,1797,2392,2391,3229209
1796,1798,210,209,3232804
1797,1799,2064,2063,3236401
1798,1800,600,599,3240000
1799,1801,1800,1799,3243601
1800,1802,108,107,3247204
1801,1803,600,599,3250809
1802,1804,120,119,3254416
1803,1805,3420,3419,3258025
1804,1806,528,527,3261636
1805,1807,644,643,3265249
1806,1808,456,455,3268864
1807,1809,1224,1223,3272481
1808,1810,180,179,3276100
1809,1811,1810,1809,3279721
1810,1812,600,599,3283344
1811,1813,2128,2127,3286969
1812,1814,5448,5447,3290596
1813,1815,440,439,3294225
1814,1816,456,455,3297856
1815,1817,624,623,3301489
1816,1818,600,599,3305124
1817,1819,72,71,3308761
1818,1820,1680,1679,3312400
1819,1821,1216,1215,3316041
1820,1822,210,209,3319684
1821,1823,1216,1215,3323329
1822,1824,144,143,3326976
1823,1825,3700,3699,3330625
1824,1826,840,839,3334276
1825,1827,336,335,3337929
1826,1828,2748,2747,3341584
1827,1829,870,869,3345241
1828,1830,120,119,3348900
1829,1831,1830,1829,3352561
1830,1832,228,227,3356224
1831,1833,224,223,3359889
1832,1834,3120,3119,3363556
1833,1835,3680,3679,3367225
1834,1836,72,71,3370896
1835,1837,1680,1679,3374569
1836,1838,102,101,3378244
1837,1839,2456,2455,3381921
1838,1840,240,239,3385600
1839,1841,176,175,3389281
1840,1842,264,263,3392964
1841,1843,1764,1763,3396649
1842,1844,138,137,3400336
1843,1845,120,119,3404025
1844,1846,420,419,3407716
1845,1847,3696,3695,3411409
1846,1848,240,239,3415104
1847,1849,3784,3783,3418801
1848,1850,5700,5699,3422500
1849,1851,2472,2471,3426201
1850,1852,2784,2783,3429904
1851,1853,108,107,3433609
1852,1854,624,623,3437316
1853,1855,2160,2159,3441025
1854,1856,672,671,3444736
1855,1857,824,823,3448449
1856,1858,2784,2783,3452164
1857,1859,1820,1819,3455881
1858,1860,120,119,3459600
1859,1861,930,929,3463321
1860,1862,1008,1007,3467044
1861,1863,432,431,3470769
1862,1864,156,155,3474496
1863,1865,3740,3739,3478225
1864,1866,3720,3719,3481956
1865,1867,3736,3735,3485689
1866,1868,936,935,3489424
1867,1869,176,175,3493161
1868,1870,180,179,3496900
1869,1871,374,373,3500641
1870,1872,168,167,3504384
1871,1873,3748,3747,3508129
1872,1874,5628,5627,3511876
1873,1875,5000,4999,3515625
1874,1876,816,815,3519376
1875,1877,1252,1251,3523129
1876,1878,3768,3767,3526884
1877,1879,1878,1877,3530641
1878,1880,480,479,3534400
1879,1881,360,359,3538161
1880,1882,1410,1409,3541924
1881,1883,1072,1071,3545689
1882,1884,1896,1895,3549456
1883,1885,140,139,3553225
1884,1886,240,239,3556996
1885,1887,1368,1367,3560769
1886,1888,1392,1391,3564544
1887,1889,1888,1887,3568321
1888,1890,720,719,3572100
1889,1891,60,59,3575881
1890,1892,1320,1319,3579664
1891,1893,2520,2519,3583449
1892,1894,1896,1895,3587236
1893,1895,3780,3779,3591025
1894,1896,312,311,3594816
1895,1897,2160,2159,3598609
1896,1898,3108,3107,3602404
1897,1899,168,167,3606201
1898,1900,900,899,3610000
1899,1901,1900,1899,3613801
1900,1902,1272,1271,3617604
1901,1903,1740,1739,3621409
1902,1904,144,143,3625216
1903,1905,1280,1279,3629025
1904,1906,636,635,3632836
1905,1907,3816,3815,3636649
1906,1908,216,215,3640464
1907,1909,336,335,3644281
1908,1910,1140,1139,3648100
1909,1911,112,111,3651921
1910,1912,1428,1427,3655744
1911,1913,1276,1275,3659569
1912,1914,840,839,3663396
1913,1915,3840,3839,3667225
1914,1916,1434,1433,3671056
1915,1917,2520,2519,3674889
1916,1918,1104,1103,3678724
1917,1919,450,449,3682561
1918,1920,960,959,3686400
1919,1921,684,683,3690241
1920,1922,930,929,3694084
1921,1923,640,639,3697929
1922,1924,1596,1595,3701776
1923,1925,400,399,3705625
1924,1926,72,71,3709476
1925,1927,160,159,3713329
1926,1928,240,239,3717184
1927,1929,1288,1287,3721041
1928,1930,5820,5819,3724900
1929,1931,1930,1929,3728761
1930,1932,48,47,3732624
1931,1933,3868,3867,3736489
1932,1934,528,527,3740356
1933,1935,1320,1319,3744225
1934,1936,1320,1319,3748096
1935,1937,1036,1035,3751969
1936,1938,72,71,3755844
1937,1939,2224,2223,3759721
1938,1940,2940,2939,3763600
1939,1941,1296,1295,3767481
1940,1942,2910,2909,3771364
1941,1943,952,951,3775249
1942,1944,648,647,3779136
1943,1945,1940,1939,3783025
1944,1946,1104,1103,3786916
1945,1947,1160,1159,3790809
1946,1948,2928,2927,3794704
1947,1949,1948,1947,3798601
1948,1950,4200,4199,3802500
1949,1951,390,389,3806401
1950,1952,240,239,3810304
1951,1953,240,239,3814209
1952,1954,1956,1955,3818116
1953,1955,720,719,3822025
1954,1956,984,983,3825936
1955,1957,1872,1871,3829849
1956,1958,660,659,3833764
1957,1959,2616,2615,3837681
1958,1960,1680,1679,3841600
1959,1961,2052,2051,3845521
1960,1962,216,215,3849444
1961,1963,700,699,3853369
1962,1964,1470,1469,3857296
1963,1965,520,519,3861225
1964,1966,1968,1967,3865156
1965,1967,112,111,3869089
1966,1968,120,119,3873024
1967,1969,890,889,3876961
1968,1970,1980,1979,3880900
1969,1971,2664,2663,3884841
1970,1972,252,251,3888784
1971,1973,1316,1315,3892729
1972,1974,96,95,3896676
1973,1975,3900,3899,3900625
1974,1976,252,251,3904576
1975,1977,2632,2631,3908529
1976,1978,528,527,3912484
1977,1979,1978,1977,3916441
1978,1980,120,119,3920400
1979,1981,1136,1135,3924361
1980,1982,198,197,3928324
1981,1983,440,439,3932289
1982,1984,480,479,3936256
1983,1985,3980,3979,3940225
1984,1986,1320,1319,3944196
1985,1987,3976,3975,3948169
1986,1988,1680,1679,3952144
1987,1989,504,503,3956121
1988,1990,660,659,3960100
1989,1991,90,89,3964081
1990,1992,168,167,3968064
1991,1993,3988,3987,3972049
1992,1994,5988,5987,3976036
1993,1995,720,719,3980025
1994,1996,498,497,3984016
1995,1997,3996,3995,3988009
1996,1998,1368,1367,3992004
1997,1999,666,665,3996001
1998,2000,3000,2999,4000000
1999,2001,336,335,4004001
2000,2002,1680,1679,4008004
2001,2003,4008,4007,4012009
2002,2004,336,335,4016016
2003,2005,200,199,4020025
2004,2006,1044,1043,4024036
2005,2007,1344,1343,4028049
2006,2008,1500,1499,4032064
2007,2009,560,559,4036081
2008,2010,2040,2039,4040100
2009,2011,2010,2009,4044121
2010,2012,1008,1007,4048144
2011,2013,120,119,4052169
2012,2014,108,107,4056196
2013,2015,420,419,4060225
2014,2016,48,47,4064256
2015,2017,4036,4035,4068289
2016,2018,126,125,4072324
2017,2019,2696,2695,4076361
2018,2020,300,299,4080400
2019,2021,352,351,4084441
2020,2022,4056,4055,4088484
2021,2023,2448,2447,4092529
2022,2024,240,239,4096576
2023,2025,5400,5399,4100625
2024,2026,2028,2027,4104676
2025,2027,1352,1351,4108729
2026,2028,2184,2183,4112784
2027,2029,1014,1013,4116841
2028,2030,1680,1679,4120900
2029,2031,904,903,4124961
2030,2032,768,767,4129024
2031,2033,72,71,4133089
2032,2034,456,455,4137156
2033,2035,380,379,4141225
2034,2036,762,761,4145296
2035,2037,784,783,4149369
2036,2038,3054,3053,4153444
2037,2039,2038,2037,4157521
2038,2040,360,359,4161600
2039,2041,2212,2211,4165681
2040,2042,510,509,4169764
2041,2043,456,455,4173849
2042,2044,1776,1775,4177936
2043,2045,2040,2039,4182025
2044,2046,120,119,4186116
2045,2047,528,527,4190209
2046,2048,3072,3071,4194304
2047,2049,1368,1367,4198401
2048,2050,600,599,4202500
2049,2051,2352,2351,4206601
2050,2052,72,71,4210704
2051,2053,4108,4107,4214809
2052,2054,1092,1091,4218916
2053,2055,2760,2759,4223025
2054,2056,516,515,4227136
2055,2057,1980,1979,4231249
2056,2058,2352,2351,4235364
2057,2059,70,69,4239481
2058,2060,3120,3119,4243600
2059,2061,456,455,4247721
2060,2062,618,617,4251844
2061,2063,4128,4127,4255969
2062,2064,264,263,4260096
2063,2065,2320,2319,4264225
2064,2066,6204,6203,4268356
2065,2067,1512,1511,4272489
2066,2068,480,479,4276624
2067,2069,1034,1033,4280761
2068,2070,240,239,4284900
2069,2071,108,107,4289041
2070,2072,912,911,4293184
2071,2073,552,551,4297329
2072,2074,180,179,4301476
2073,2075,4200,4199,4305625
2074,2076,696,695,4309776
2075,2077,2040,2039,4313929
2076,2078,1038,1037,4318084
2077,2079,720,719,4322241
2078,2080,1680,1679,4326400
2079,2081,130,129,4330561
2080,2082,696,695,4334724
2081,2083,4168,4167,4338889
2082,2084,78,77,4343056
2083,2085,920,919,4347225
2084,2086,1776,1775,4351396
2085,2087,4176,4175,4355569
2086,2088,168,167,4359744
2087,2089,1044,1043,4363921
2088,2090,180,179,4368100
2089,2091,360,359,4372281
2090,2092,3144,3143,4376464
2091,2093,336,335,4380649
2092,2094,696,695,4384836
2093,2095,4180,4179,4389025
2094,2096,1560,1559,4393216
2095,2097,312,311,4397409
2096,2098,786,785,4401604
2097,2099,2098,2097,4405801
2098,2100,1200,1199,4410000
2099,2101,190,189,4414201
2100,2102,1050,1049,4418404
2101,2103,1400,1399,4422609
2102,2104,528,527,4426816
2103,2105,420,419,4431025
2104,2106,1512,1511,4435236
2105,2107,1232,1231,4439449
2106,2108,180,179,4443664
2107,2109,1368,1367,4447881
2108,2110,420,419,4452100
2109,2111,2110,2109,4456321
2110,2112,480,479,4460544
2111,2113,4228,4227,4464769
2112,2114,1200,1199,4468996
2113,2115,480,479,4473225
2114,2116,1104,1103,4477456
2115,2117,1036,1035,4481689
2116,2118,1416,1415,4485924
2117,2119,2296,2295,4490161
2118,2120,540,539,4494400
2119,2121,400,399,4498641
2120,2122,1590,1589,4502884
2121,2123,1940,1939,4507129
2122,2124,696,695,4511376
2123,2125,4500,4499,4515625
2124,2126,6384,6383,4519876
2125,2127,472,471,4524129
2126,2128,144,143,4528384
2127,2129,2128,2127,4532641
2128,2130,840,839,4536900
2129,2131,2130,2129,4541161
2130,2132,840,839,4545424
2131,2133,936,935,4549689
2132,2134,2940,2939,4553956
2133,2135,240,239,4558225
2134,2136,264,263,4562496
2135,2137,4276,4275,4566769
2136,2138,1068,1067,4571044
2137,2139,240,239,4575321
2138,2140,360,359,4579600
2139,2141,2140,2139,4583881
2140,2142,144,143,4588164
2141,2143,4288,4287,4592449
2142,2144,816,815,4596736
2143,2145,280,279,4601025
2144,2146,1596,1595,4605316
2145,2147,684,683,4609609
2146,2148,2136,2135,4613904
2147,2149,176,175,4618201
2148,2150,6600,6599,4622500
2149,2151,2856,2855,4626801
2150,2152,804,803,4631104
2151,2153,4308,4307,4635409
2152,2154,4296,4295,4639716
2153,2155,860,859,4644025
2154,2156,1680,1679,4648336
2155,2157,2872,2871,4652649
2156,2158,168,167,4656964
2157,2159,2304,2303,4661281
2158,2160,360,359,4665600
2159,2161,80,79,4669921
2160,2162,96,95,4674244
2161,2163,208,207,4678569
2162,2164,90,89,4682896
2163,2165,4340,4339,4687225
2164,2166,1368,1367,4691556
2165,2167,1980,1979,4695889
2166,2168,540,539,4700224
2167,2169,240,239,4704561
2168,2170,240,239,4708900
2169,2171,336,335,4713241
2170,2172,360,359,4717584
2171,2173,1080,1079,4721929
2172,2174,384,383,4726276
2173,2175,1400,1399,4730625
2174,2176,576,575,4734976
2175,2177,2480,2479,4739329
2176,2178,1320,1319,4743684
2177,2179,198,197,4748041
2178,2180,540,539,4752400
2179,2181,1456,1455,4756761
2180,2182,3270,3269,4761124
2181,2183,2204,2203,4765489
2182,2184,336,335,4769856
2183,2185,720,719,4774225
2184,2186,6564,6563,4778596
2185,2187,5832,5831,4782969
2186,2188,3288,3287,4787344
2187,2189,110,109,4791721
2188,2190,4440,4439,4796100
2189,2191,2512,2511,4800481
2190,2192,552,551,4804864
2191,2193,792,791,4809249
2192,2194,732,731,4813636
2193,2195,4380,4379,4818025
2194,2196,120,119,4822416
2195,2197,4732,4731,4826809
2196,2198,3792,3791,4831204
2197,2199,2936,2935,4835601
2198,2200,300,299,4840000
2199,2201,210,209,4844401
2200,2202,2208,2207,4848804
2201,2203,4408,4407,4853209
2202,2204,126,125,4857616
2203,2205,1680,1679,4862025
2204,2206,96,95,4866436
2205,2207,64,63,4870849
2206,2208,48,47,4875264
2207,2209,1504,1503,4879681
2208,2210,1260,1259,4884100
2209,2211,680,679,4888521
2210,2212,624,623,4892944
2211,2213,4428,4427,4897369
2212,2214,360,359,4901796
2213,2215,4440,4439,4906225
2214,2216,1668,1667,4910656
2215,2217,2952,2951,4915089
2216,2218,1662,1661,4919524
2217,2219,2544,2543,4923961
2218,2220,2280,2279,4928400
2219,2221,148,147,4932841
2220,2222,150,149,4937284
2221,2223,504,503,4941729
2222,2224,552,551,4946176
2223,2225,1100,1099,4950625
2224,2226,432,431,4955076
2225,2227,2340,2339,4959529
2226,2228,372,371,4963984
2227,2229,496,495,4968441
2228,2230,6720,6719,4972900
2229,2231,2352,2351,4977361
2230,2232,120,119,4981824
2231,2233,560,559,4986289
2232,2234,6708,6707,4990756
2233,2235,1480,1479,4995225
2234,2236,1848,1847,4999696
2235,2237,1492,1491,5004169
2236,2238,4488,4487,5008644
2237,2239,746,745,5013121
2238,2240,480,479,5017600
2239,2241,504,503,5022081
2240,2242,522,521,5026564
2241,2243,1496,1495,5031049
2242,2244,360,359,5035536
2243,2245,2240,2239,5040025
2244,2246,6744,6743,5044516
2245,2247,144,143,5049009
2246,2248,168,167,5053504
2247,2249,2436,2435,5058001
2248,2250,3000,2999,5062500
2249,2251,750,749,5067001
2250,2252,1128,1127,5071504
2251,2253,3000,2999,5076009
2252,2254,336,335,5080516
2253,2255,40,39,5085025
2254,2256,96,95,5089536
2255,2257,1140,1139,5094049
2256,2258,1128,1127,5098564
2257,2259,3000,2999,5103081
2258,2260,1140,1139,5107600
2259,2261,144,143,5112121
2260,2262,168,167,5116644
2261,2263,2220,2219,5121169
2262,2264,1704,1703,5125696
2263,2265,200,199,5130225
2264,2266,3120,3119,5134756
2265,2267,1512,1511,5139289
2266,2268,432,431,5143824
2267,2269,324,323,5148361
2268,2270,2280,2279,5152900
2269,2271,3032,3031,5157441
2270,2272,1680,1679,5161984
2271,2273,4548,4547,5166529
2272,2274,1512,1511,5171076
2273,2275,2800,2799,5175625
2274,2276,1704,1703,5180176
2275,2277,240,239,5184729
2276,2278,1224,1223,5189284
2277,2279,2376,2375,5193841
2278,2280,360,359,5198400
2279,2281,760,759,5202961
2280,2282,1968,1967,5207524
2281,2283,760,759,5212089
2282,2284,570,569,5216656
2283,2285,4580,4579,5221225
2284,2286,768,767,5225796
2285,2287,4576,4575,5230369
2286,2288,840,839,5234944
2287,2289,432,431,5239521
2288,2290,1140,1139,5244100
2289,2291,546,545,5248681
2290,2292,2280,2279,5253264
2291,2293,4588,4587,5257849
2292,2294,1140,1139,5262436
2293,2295,360,359,5267025
2294,2296,240,239,5271616
2295,2297,4596,4595,5276209
2296,2298,768,767,5280804
2297,2299,990,989,5285401
2298,2300,1200,1199,5290000
2299,2301,1624,1623,5294601
2300,2302,690,689,5299204
2301,2303,224,223,5303809
2302,2304,384,383,5308416
2303,2305,460,459,5313025
2304,2306,6924,6923,5317636
2305,2307,192,191,5322249
2306,2308,3468,3467,5326864
2307,2309,2308,2307,5331481
2308,2310,240,239,5336100
2309,2311,2310,2309,5340721
2310,2312,612,611,5345344
2311,2313,1032,1031,5349969
2312,2314,924,923,5354596
2313,2315,4640,4639,5359225
2314,2316,2328,2327,5363856
2315,2317,880,879,5368489
2316,2318,180,179,5373124
2317,2319,3096,3095,5377761
2318,2320,840,839,5382400
2319,2321,210,209,5387041
2320,2322,792,791,5391684
2321,2323,1200,1199,5396329
2322,2324,336,335,5400976
2323,2325,600,599,5405625
2324,2326,2328,2327,5410276
2325,2327,2492,2491,5414929
2326,2328,1176,1175,5419584
2327,2329,828,827,5424241
2328,2330,780,779,5428900
2329,2331,912,911,5433561
2330,2332,540,539,5438224
2331,2333,1556,1555,5442889
2332,2334,2328,2327,5447556
2333,2335,4680,4679,5452225
2334,2336,1776,1775,5456896
2335,2337,360,359,5461569
2336,2338,336,335,5466244
2337,2339,2338,2337,5470921
2338,2340,840,839,5475600
2339,2341,2340,2339,5480281
2340,2342,1170,1169,5484964
2341,2343,280,279,5489649
2342,2344,588,587,5494336
2343,2345,1360,1359,5499025
2344,2346,144,143,5503716
2345,2347,4696,4695,5508409
2346,2348,1176,1175,5513104
2347,2349,1512,1511,5517801
2348,2350,2400,2399,5522500
2349,2351,2350,2349,5527201
2350,2352,336,335,5531904
2351,2353,1260,1259,5536609
2352,2354,360,359,5541316
2353,2355,3160,3159,5546025
2354,2356,90,89,5550736
2355,2357,4716,4715,5555449
2356,2358,1560,1559,5560164
2357,2359,2704,2703,5564881
2358,2360,1740,1739,5569600
2359,2361,1576,1575,5574321
2360,2362,3540,3539,5579044
2361,2363,828,827,5583769
2362,2364,792,791,5588496
2363,2365,440,439,5593225
2364,2366,4368,4367,5597956
2365,2367,528,527,5602689
2366,2368,1824,1823,5607424
2367,2369,624,623,5612161
2368,2370,1560,1559,5616900
2369,2371,790,789,5621641
2370,2372,1188,1187,5626384
2371,2373,304,303,5631129
2372,2374,2376,2375,5635876
2373,2375,4500,4499,5640625
2374,2376,360,359,5645376
2375,2377,4756,4755,5650129
2376,2378,840,839,5654884
2377,2379,840,839,5659641
2378,2380,720,719,5664400
2379,2381,2380,2379,5669161
2380,2382,4776,4775,5673924
2381,2383,4768,4767,5678689
2382,2384,888,887,5683456
2383,2385,1080,1079,5688225
2384,2386,2388,2387,5692996
2385,2387,240,239,5697769
2386,2388,264,263,5702544
2387,2389,398,397,5707321
2388,2390,7140,7139,5712100
2389,2391,456,455,5716881
2390,2392,336,335,5721664
2391,2393,4788,4787,5726449
2392,2394,144,143,5731236
2393,2395,4780,4779,5736025
2394,2396,1794,1793,5740816
2395,2397,288,287,5745609
2396,2398,540,539,5750404
2397,2399,2398,2397,5755201
2398,2400,1200,1199,5760000
2399,2401,5488,5487,5764801
2400,2402,1200,1199,5769604
2401,2403,792,791,5774409
2402,2404,600,599,5779216
2403,2405,2660,2659,5784025
2404,2406,600,599,5788836
2405,2407,168,167,5793649
2406,2408,528,527,5798464
2407,2409,1480,1479,5803281
2408,2410,240,239,5808100
2409,2411,2410,2409,5812921
2410,2412,408,407,5817744
2411,2413,2304,2303,5822569
2412,2414,1260,1259,5827396
2413,2415,240,239,5832225
2414,2416,600,599,5837056
2415,2417,124,123,5841889
2416,2418,840,839,5846724
2417,2419,1160,1159,5851561
2418,2420,660,659,5856400
2419,2421,1608,1607,5861241
2420,2422,1392,1391,5866084
2421,2423,4848,4847,5870929
2422,2424,600,599,5875776
2423,2425,4900,4899,5880625
2424,2426,7284,7283,5885476
2425,2427,808,807,5890329
2426,2428,3648,3647,5895184
2427,2429,464,463,5900041
2428,2430,3240,3239,5904900
2429,2431,1260,1259,5909761
2430,2432,576,575,5914624
2431,2433,1080,1079,5919489
2432,2434,2436,2435,5924356
2433,2435,4880,4879,5929225
2434,2436,336,335,5934096
2435,2437,4876,4875,5938969
2436,2438,432,431,5943844
2437,2439,1080,1079,5948721
2438,2440,60,59,5953600
2439,2441,1220,1219,5958481
2440,2442,2280,2279,5963364
2441,2443,1392,1391,5968249
2442,2444,672,671,5973136
2443,2445,1640,1639,5978025
2444,2446,816,815,5982916
2445,2447,1632,1631,5987809
2446,2448,72,71,5992704
2447,2449,390,389,5997601
2448,2450,8400,8399,6002500
2449,2451,792,791,6007401
2450,2452,3684,3683,6012304
2451,2453,2240,2239,6017209
2452,2454,408,407,6022116
2453,2455,980,979,6027025
2454,2456,264,263,6031936
2455,2457,1008,1007,6036849
2456,2458,1842,1841,6041764
2457,2459,2458,2457,6046681
2458,2460,120,119,6051600
2459,2461,144,143,6056521
2460,2462,1230,1229,6061444
2461,2463,1640,1639,6066369
2462,2464,240,239,6071296
2463,2465,1260,1259,6076225
2464,2466,552,551,6081156
2465,2467,4936,4935,6086089
2466,2468,1236,1235,6091024
2467,2469,1648,1647,6095961
2468,2470,1260,1259,6100900
2469,2471,944,943,6105841
2470,2472,624,623,6110784
2471,2473,4948,4947,6115729
2472,2474,7428,7427,6120676
2473,2475,600,599,6125625
2474,2476,618,617,6130576
2475,2477,4956,4955,6135529
2476,2478,1392,1391,6140484
2477,2479,2584,2583,6145441
2478,2480,120,119,6150400
2479,2481,1656,1655,6155361
2480,2482,1332,1331,6160324
2481,2483,2660,2659,6165289
2482,2484,144,143,6170256
2483,2485,560,559,6175225
2484,2486,1140,1139,6180196
2485,2487,552,551,6185169
2486,2488,1860,1859,6190144
2487,2489,1170,1169,6195121
2488,2490,840,839,6200100
2489,2491,864,863,6205081
2490,2492,528,527,6210064
2491,2493,3336,3335,6215049
2492,2494,1848,1847,6220036
2493,2495,4980,4979,6225025
2494,2496,672,671,6230016
2495,2497,2280,2279,6235009
2496,2498,624,623,6240004
2497,2499,1008,1007,6245001
2498,2500,7500,7499,6250000
2499,2501,120,119,6255001
2500,2502,552,551,6260004
2501,2503,5008,5007,6265009
2502,2504,1884,1883,6270016
2503,2505,1680,1679,6275025
2504,2506,4272,4271,6280036
2505,2507,432,431,6285049
2506,2508,360,359,6290064
2507,2509,2716,2715,6295081
2508,2510,1500,1499,6300100
2509,2511,1080,1079,6305121
2510,2512,1896,1895,6310144
2511,2513,2864,2863,6315169
2512,2514,5016,5015,6320196
2513,2515,5040,5039,6325225
2514,2516,684,683,6330256
2515,2517,3352,3351,6335289
2516,2518,3774,3773,6340324
2517,2519,570,569,6345361
2518,2520,240,239,6350400
2519,2521,120,119,6355441
2520,2522,588,587,6360484
2521,2523,1624,1623,6365529
2522,2524,630,629,6370576
2523,2525,100,99,6375625
2524,2526,168,167,6380676
2525,2527,2736,2735,6385729
2526,2528,624,623,6390784
2527,2529,168,167,6395841
2528,2530,240,239,6400900
2529,2531,2530,2529,6405961
2530,2532,168,167,6411024
2531,2533,1332,1331,6416089
2532,2534,720,719,6421156
2533,2535,3640,3639,6426225
2534,2536,636,635,6431296
2535,2537,2552,2551,6436369
2536,2538,288,287,6441444
2537,2539,2538,2537,6446521
2538,2540,3840,3839,6451600
2539,2541,880,879,6456681
2540,2542,120,119,6461764
2541,2543,5088,5087,6466849
2542,2544,216,215,6471936
2543,2545,2540,2539,6477025
2544,2546,1224,1223,6482116
2545,2547,1704,1703,6487209
2546,2548,336,335,6492304
2547,2549,2548,2547,6497401
2548,2550,1800,1799,6502500
2549,2551,2550,2549,6507601
2550,2552,420,419,6512704
2551,2553,912,911,6517809
2552,2554,852,851,6522916
2553,2555,2960,2959,6528025
2554,2556,840,839,6533136
2555,2557,5116,5115,6538249
2556,2558,426,425,6543364
2557,2559,3416,3415,6548481
2558,2560,3840,3839,6553600
2559,2561,2772,2771,6558721
2560,2562,240,239,6563844
2561,2563,260,259,6568969
2562,2564,1920,1919,6574096
2563,2565,360,359,6579225
2564,2566,2568,2567,6584356
2565,2567,900,899,6589489
2566,2568,72,71,6594624
2567,2569,736,735,6599761
2568,2570,2580,2579,6604900
2569,2571,3432,3431,6610041
2570,2572,3864,3863,6615184
2571,2573,840,839,6620329
2572,2574,840,839,6625476
2573,2575,5200,5199,6630625
2574,2576,48,47,6635776
2575,2577,312,311,6640929
2576,2578,966,965,6646084
2577,2579,2578,2577,6651241
2578,2580,1320,1319,6656400
2579,2581,308,307,6661561
2580,2582,1290,1289,6666724
2581,2583,240,239,6671889
2582,2584,36,35,6677056
2583,2585,160,159,6682225
2584,2586,5160,5159,6687396
2585,2587,308,307,6692569
2586,2588,1296,1295,6697744
2587,2589,1728,1727,6702921
2588,2590,4560,4559,6708100
2589,2591,518,517,6713281
2590,2592,432,431,6718464
2591,2593,5188,5187,6723649
2592,2594,7788,7787,6728836
2593,2595,3480,3479,6734025
2594,2596,870,869,6739216
2595,2597,3024,3023,6744409
2596,2598,5208,5207,6749604
2597,2599,912,911,6754801
2598,2600,2100,2099,6760000
2599,2601,1224,1223,6765201
2600,2602,3900,3899,6770404
2601,2603,828,827,6775609
2602,2604,240,239,6780816
2603,2605,260,259,6786025
2604,2606,7824,7823,6791236
2605,2607,1560,1559,6796449
2606,2608,984,983,6801664
2607,2609,2608,2607,6806881
2608,2610,840,839,6812100
2609,2611,2992,2991,6817321
2610,2612,1308,1307,6822544
2611,2613,952,951,6827769
2612,2614,2616,2615,6832996
2613,2615,5240,5239,6838225
2614,2616,216,215,6843456
2615,2617,5236,5235,6848689
2616,2618,720,719,6853924
2617,2619,3528,3527,6859161
2618,2620,780,779,6864400
2619,2621,1310,1309,6869641
2620,2622,144,143,6874884
2621,2623,1320,1319,6880129
2622,2624,480,479,6885376
2623,2625,2000,1999,6890625
2624,2626,2100,2099,6895876
2625,2627,2660,2659,6901129
2626,2628,888,887,6906384
2627,2629,1190,1189,6911641
2628,2630,2640,2639,6916900
2629,2631,3512,3511,6922161
2630,2632,96,95,6927424
2631,2633,5268,5267,6932689
2632,2634,1752,1751,6937956
2633,2635,180,179,6943225
2634,2636,1974,1973,6948496
2635,2637,1176,1175,6953769
2636,2638,3954,3953,6959044
2637,2639,112,111,6964321
2638,2640,120,119,6969600
2639,2641,414,413,6974881
2640,2642,1320,1319,6980164
2641,2643,176,175,6985449
2642,2644,660,659,6990736
2643,2645,5520,5519,6996025
2644,2646,1008,1007,7001316
2645,2647,5296,5295,7006609
2646,2648,660,659,7011904
2647,2649,1768,1767,7017201
2648,2650,2700,2699,7022500
2649,2651,240,239,7027801
2650,2652,504,503,7033104
2651,2653,3024,3023,7038409
2652,2654,7968,7967,7043716
2653,2655,3480,3479,7049025
2654,2656,336,335,7054336
2655,2657,5316,5315,7059649
2656,2658,888,887,7064964
2657,2659,886,885,7070281
2658,2660,720,719,7075600
2659,2661,1776,1775,7080921
2660,2662,3630,3629,7086244
2661,2663,1776,1775,7091569
2662,2664,456,455,7096896
2663,2665,280,279,7102225
2664,2666,1320,1319,7107556
2665,2667,256,255,7112889
2666,2668,336,335,7118224
2667,2669,2844,2843,7123561
2668,2670,1320,1319,7128900
2669,2671,2670,2669,7134241
2670,2672,336,335,7139584
2671,2673,3240,3239,7144929
2672,2674,4560,4559,7150276
2673,2675,1800,1799,7155625
2674,2676,1344,1343,7160976
2675,2677,5356,5355,7166329
2676,2678,4368,4367,7171684
2677,2679,288,287,7177041
2678,2680,2040,2039,7182400
2679,2681,768,767,7187761
2680,2682,888,887,7193124
2681,2683,5368,5367,7198489
2682,2684,60,59,7203856
2683,2685,3560,3559,7209225
2684,2686,468,467,7214596
2685,2687,1792,1791,7219969
2686,2688,192,191,7225344
2687,2689,896,895,7230721
2688,2690,4020,4019,7236100
2689,2691,336,335,7241481
2690,2692,4044,4043,7246864
2691,2693,5388,5387,7252249
2692,2694,1344,1343,7257636
2693,2695,560,559,7263025
2694,2696,2028,2027,7268416
2695,2697,840,839,7273809
2696,2698,630,629,7279204
2697,2699,2698,2697,7284601
2698,2700,1800,1799,7290000
2699,2701,2812,2811,7295401
2700,2702,4656,4655,7300804
2701,2703,216,215,7306209
2702,2704,2184,2183,7311616
2703,2705,180,179,7317025
2704,2706,120,119,7322436
2705,2707,5416,5415,7327849
2706,2708,1356,1355,7333264
2707,2709,528,527,7338681
2708,2710,540,539,7344100
2709,2711,2710,2709,7349521
2710,2712,456,455,7354944
2711,2713,5428,5427,7360369
2712,2714,1392,1391,7365796
2713,2715,360,359,7371225
2714,2716,2352,2351,7376656
2715,2717,1260,1259,7382089
2716,2718,600,599,7387524
2717,2719,2718,2717,7392961
2718,2720,720,719,7398400
2719,2721,1816,1815,7403841
2720,2722,2040,2039,7409284
2721,2723,1552,1551,7414729
2722,2724,456,455,7420176
2723,2725,2700,2699,7425625
2724,2726,672,671,7431076
2725,2727,1800,1799,7436529
2726,2728,60,59,7441984
2727,2729,682,681,7447441
2728,2730,1680,1679,7452900
2729,2731,390,389,7458361
2730,2732,1368,1367,7463824
2731,2733,280,279,7469289
2732,2734,2736,2735,7474756
2733,2735,5480,5479,7480225
2734,2736,72,71,7485696
2735,2737,144,143,7491169
2736,2738,8436,8435,7496644
2737,2739,840,839,7502121
2738,2740,1380,1379,7507600
2739,2741,2740,2739,7513081
2740,2742,5496,5495,7518564
2741,2743,84,83,7524049
2742,2744,2352,2351,7529536
2743,2745,120,119,7535025
2744,2746,2748,2747,7540516
2745,2747,680,679,7546009
2746,2748,456,455,7551504
2747,2749,916,915,7557001
2748,2750,1500,1499,7562500
2749,2751,1040,1039,7568001
2750,2752,1056,1055,7573504
2751,2753,1836,1835,7579009
2752,2754,216,215,7584516
2753,2755,1260,1259,7590025
2754,2756,756,755,7595536
2755,2757,408,407,7601049
2756,2758,1584,1583,7606564
2757,2759,660,659,7612081
2758,2760,240,239,7617600
2759,2761,250,249,7623121
2760,2762,1380,1379,7628644
2761,2763,264,263,7634169
2762,2764,138,137,7639696
2763,2765,3120,3119,7645225
2764,2766,552,551,7650756
2765,2767,5536,5535,7656289
2766,2768,696,695,7661824
2767,2769,280,279,7667361
2768,2770,8340,8339,7672900
2769,2771,2952,2951,7678441
2770,2772,240,239,7683984
2771,2773,928,927,7689529
2772,2774,1332,1331,7695076
2773,2775,3800,3799,7700625
2774,2776,696,695,7706176
2775,2777,1852,1851,7711729
2776,2778,2784,2783,7717284
2777,2779,3184,3183,7722841
2778,2780,1380,1379,7728400
2779,2781,1872,1871,7733961
2780,2782,504,503,7739524
2781,2783,2640,2639,7745089
2782,2784,336,335,7750656
2783,2785,620,619,7756225
2784,2786,528,527,7761796
2785,2787,928,927,7767369
2786,2788,360,359,7772944
2787,2789,164,163,7778521
2788,2790,120,119,7784100
2789,2791,2790,2789,7789681
2790,2792,348,347,7795264
2791,2793,1008,1007,7800849
2792,2794,3840,3839,7806436
2793,2795,3080,3079,7812025
2794,2796,312,311,7817616
2795,2797,5596,5595,7823209
2796,2798,1398,1397,7828804
2797,2799,3720,3719,7834401
2798,2800,1200,1199,7840000
2799,2801,1400,1399,7845601
2800,2802,936,935,7851204
2801,2803,5608,5607,7856809
2802,2804,2100,2099,7862416
2803,2805,360,359,7868025
2804,2806,240,239,7873636
2805,2807,400,399,7879249
2806,2808,504,503,7884864
2807,2809,5724,5723,7890481
2808,2810,840,839,7896100
2809,2811,3752,3751,7901721
2810,2812,684,683,7907344
2811,2813,196,195,7912969
2812,2814,816,815,7918596
2813,2815,1880,1879,7924225
2814,2816,1920,1919,7929856
2815,2817,3768,3767,7935489
2816,2818,2112,2111,7941124
2817,2819,2818,2817,7946761
2818,2820,480,479,7952400
2819,2821,1680,1679,7958041
2820,2822,504,503,7963684
2821,2823,1880,1879,7969329
2822,2824,708,707,7974976
2823,2825,1900,1899,7980625
2824,2826,1896,1895,7986276
2825,2827,2580,2579,7991929
2826,2828,1200,1199,7997584
2827,2829,240,239,8003241
2828,2830,8520,8519,8008900
2829,2831,1332,1331,8014561
2830,2832,696,695,8020224
2831,2833,5668,5667,8025889
2832,2834,756,755,8031556
2833,2835,2160,2159,8037225
2834,2836,354,353,8042896
2835,2837,5676,5675,8048569
2836,2838,1320,1319,8054244
2837,2839,1008,1007,8059921
2838,2840,420,419,8065600
2839,2841,1896,1895,8071281
2840,2842,336,335,8076964
2841,2843,5688,5687,8082649
2842,2844,312,311,8088336
2843,2845,2840,2839,8094025
2844,2846,8544,8543,8099716
2845,2847,2072,2071,8105409
2846,2848,528,527,8111104
2847,2849,1520,1519,8116801
2848,2850,1800,1799,8122500
2849,2851,2850,2849,8128201
2850,2852,240,239,8133904
2851,2853,1272,1271,8139609
2852,2854,168,167,8145316
2853,2855,1140,1139,8151025
2854,2856,144,143,8156736
2855,2857,5716,5715,8162449
2856,2858,1428,1427,8168164
2857,2859,424,423,8173881
2858,2860,420,419,8179600
2859,2861,1430,1429,8185321
2860,2862,216,215,8191044
2861,2863,816,815,8196769
2862,2864,2136,2135,8202496
2863,2865,760,759,8208225
2864,2866,2868,2867,8213956
2865,2867,480,479,8219689
2866,2868,2856,2855,8225424
2867,2869,450,449,8231161
2868,2870,240,239,8236900
2869,2871,840,839,8242641
2870,2872,2148,2147,8248384
2871,2873,3276,3275,8254129
2872,2874,5736,5735,8259876
2873,2875,6000,5999,8265625
2874,2876,2154,2153,8271376
2875,2877,1104,1103,8277129
2876,2878,4314,4313,8282884
2877,2879,2878,2877,8288641
2878,2880,480,479,8294400
2879,2881,1496,1495,8300161
2880,2882,390,389,8305924
2881,2883,3720,3719,8311689
2882,2884,624,623,8317456
2883,2885,5780,5779,8323225
2884,2886,3192,3191,8328996
2885,2887,5776,5775,8334769
2886,2888,684,683,8340544
2887,2889,72,71,8346321
2888,2890,3060,3059,8352100
2889,2891,3248,3247,8357881
2890,2892,240,239,8363664
2891,2893,880,879,8369449
2892,2894,8688,8687,8375236
2893,2895,3880,3879,8381025
2894,2896,360,359,8386816
2895,2897,5796,5795,8392609
2896,2898,48,47,8398404
2897,2899,448,447,8404201
2898,2900,2100,2099,8410000
2899,2901,176,175,8415801
2900,2902,4350,4349,8421604
2901,2903,5808,5807,8427409
2902,2904,1320,1319,8433216
2903,2905,1680,1679,8439025
2904,2906,8724,8723,8444836
2905,2907,72,71,8450649
2906,2908,4368,4367,8456464
2907,2909,2908,2907,8462281
2908,2910,5880,5879,8468100
2909,2911,280,279,8473921
2910,2912,336,335,8479744
2911,2913,3880,3879,8485569
2912,2914,480,479,8491396
2913,2915,540,539,8497225
2914,2916,1944,1943,8503056
2915,2917,5836,5835,8508889
2916,2918,1458,1457,8514724
2917,2919,368,367,8520561
2918,2920,2220,2219,8526400
2919,2921,768,767,8532241
2920,2922,2928,2927,8538084
2921,2923,2964,2963,8543929
2922,2924,792,791,8549776
2923,2925,4200,4199,8555625
2924,2926,720,719,8561476
2925,2927,5856,5855,8567329
2926,2928,120,119,8573184
2927,2929,350,349,8579041
2928,2930,2940,2939,8584900
2929,2931,1304,1303,8590761
2930,2932,4404,4403,8596624
2931,2933,3344,3343,8602489
2932,2934,984,983,8608356
2933,2935,5880,5879,8614225
2934,2936,2208,2207,8620096
2935,2937,440,439,8625969
2936,2938,1596,1595,8631844
2937,2939,2938,2937,8637721
2938,2940,1680,1679,8643600
2939,2941,1044,1043,8649481
2940,2942,1470,1469,8655364
2941,2943,216,215,8661249
2942,2944,192,191,8667136
2943,2945,180,179,8673025
2944,2946,5880,5879,8678916
2945,2947,336,335,8684809
2946,2948,2040,2039,8690704
2947,2949,1968,1967,8696601
2948,2950,8700,8699,8702500
2949,2951,3192,3191,8708401
2950,2952,120,119,8714304
2951,2953,5908,5907,8720209
2952,2954,336,335,8726116
2953,2955,3960,3959,8732025
2954,2956,738,737,8737936
2955,2957,5916,5915,8743849
2956,2958,504,503,8749764
2957,2959,1340,1339,8755681
2958,2960,2280,2279,8761600
2959,2961,96,95,8767521
2960,2962,4440,4439,8773444
2961,2963,5928,5927,8779369
2962,2964,504,503,8785296
2963,2965,5940,5939,8791225
2964,2966,1272,1271,8797156
2965,2967,528,527,8803089
2966,2968,432,431,8809024
2967,2969,424,423,8814961
2968,2970,360,359,8820900
2969,2971,2970,2969,8826841
2970,2972,1488,1487,8832784
2971,2973,792,791,8838729
2972,2974,2976,2975,8844676
2973,2975,3600,3599,8850625
2974,2976,240,239,8856576
2975,2977,1596,1595,8862529
2976,2978,1488,1487,8868484
2977,2979,1320,1319,8874441
2978,2980,2220,2219,8880400
2979,2981,270,269,8886361
2980,2982,1680,1679,8892324
2981,2983,2844,2843,8898289
2982,2984,2244,2243,8904256
2983,2985,440,439,8910225
2984,2986,2988,2987,8916196
2985,2987,1456,1455,8922169
2986,2988,168,167,8928144
2987,2989,1680,1679,8934121
2988,2990,1680,1679,8940100
2989,2991,3992,3991,8946081
2990,2992,360,359,8952064
2991,2993,1480,1479,8958049
2992,2994,1992,1991,8964036
2993,2995,5980,5979,8970025
2994,2996,144,143,8976016
2995,2997,4104,4103,8982009
2996,2998,4494,4493,8988004
2997,2999,2998,2997,8994001
2998,3000,3000,2999,9000000
2999,3001,100,99,9006001
3000,3002,234,233,9012004
3001,3003,560,559,9018009
3002,3004,750,749,9024016
3003,3005,600,599,9030025
3004,3006,336,335,9036036
3005,3007,2940,2939,9042049
3006,3008,96,95,9048064
3007,3009,2088,2087,9054081
3008,3010,2640,2639,9060100
3009,3011,3010,3009,9066121
3010,3012,3000,2999,9072144
3011,3013,3120,3119,9078169
3012,3014,1380,1379,9084196
3013,3015,2040,2039,9090225
3014,3016,84,83,9096256
3015,3017,3440,3439,9102289
3016,3018,1008,1007,9108324
3017,3019,3018,3017,9114361
3018,3020,300,299,9120400
3019,3021,216,215,9126441
3020,3022,906,905,9132484
3021,3023,864,863,9138529
3022,3024,144,143,9144576
3023,3025,1100,1099,9150625
3024,3026,396,395,9156676
3025,3027,504,503,9162729
3026,3028,4548,4547,9168784
3027,3029,364,363,9174841
3028,3030,600,599,9180900
3029,3031,3472,3471,9186961
3030,3032,756,755,9193024
3031,3033,4056,4055,9199089
3032,3034,2280,2279,9205156
3033,3035,6080,6079,9211225
3034,3036,240,239,9217296
3035,3037,6076,6075,9223369
3036,3038,1680,1679,9229444
3037,3039,4056,4055,9235521
3038,3040,720,719,9241600
3039,3041,160,159,9247681
3040,3042,2184,2183,9253764
3041,3043,3204,3203,9259849
3042,3044,1140,1139,9265936
3043,3045,560,559,9272025
3044,3046,3048,3047,9278116
3045,3047,2780,2779,9284209
3046,3048,768,767,9290304
3047,3049,762,761,9296401
3048,3050,300,299,9302500
3049,3051,1368,1367,9308601
3050,3052,432,431,9314704
3051,3053,3080,3079,9320809
3052,3054,3048,3047,9326916
3053,3055,1120,1119,9333025
3054,3056,2280,2279,9339136
3055,3057,4072,4071,9345249
3056,3058,690,689,9351364
3057,3059,144,143,9357481
3058,3060,360,359,9363600
3059,3061,3060,3059,9369721
3060,3062,1530,1529,9375844
3061,3063,2040,2039,9381969
3062,3064,768,767,9388096
3063,3065,6140,6139,9394225
3064,3066,1776,1775,9400356
3065,3067,6136,6135,9406489
3066,3068,2436,2435,9412624
3067,3069,120,119,9418761
3068,3070,1320,1319,9424900
3069,3071,3192,3191,9431041
3070,3072,1536,1535,9437184
3071,3073,3504,3503,9443329
3072,3074,756,755,9449476
3073,3075,200,199,9455625
3074,3076,192,191,9461776
3075,3077,180,179,9467929
3076,3078,216,215,9474084
3077,3079,162,161,9480241
3078,3080,240,239,9486400
3079,3081,2184,2183,9492561
3080,3082,816,815,9498724
3081,3083,6168,6167,9504889
3082,3084,1032,1031,9511056
3083,3085,6180,6179,9517225
3084,3086,9264,9263,9523396
3085,3087,2352,2351,9529569
3086,3088,2328,2327,9535744
3087,3089,1544,1543,9541921
3088,3090,3120,3119,9548100
3089,3091,280,279,9554281
3090,3092,1548,1547,9560464
3091,3093,824,823,9566649
3092,3094,1008,1007,9572836
3093,3095,2060,2059,9579025
3094,3096,264,263,9585216
3095,3097,2952,2951,9591409
3096,3098,774,773,9597604
3097,3099,4136,4135,9603801
3098,3100,300,299,9610000
3099,3101,1776,1775,9616201
3100,3102,480,479,9622404
3101,3103,504,503,9628609
3102,3104,2352,2351,9634816
3103,3105,720,719,9641025
3104,3106,3108,3107,9647236
3105,3107,476,475,9653449
3106,3108,912,911,9659664
3107,3109,3108,3107,9665881
3108,3110,1860,1859,9672100
3109,3111,360,359,9678321
3110,3112,1164,1163,9684544
3111,3113,2840,2839,9690769
3112,3114,696,695,9696996
3113,3115,880,879,9703225
3114,3116,360,359,9709456
3115,3117,4152,4151,9715689
3116,3118,4674,4673,9721924
3117,3119,3118,3117,9728161
3118,3120,840,839,9734400
3119,3121,520,519,9740641
3120,3122,1344,1343,9746884
3121,3123,696,695,9753129
3122,3124,210,209,9759376
3123,3125,12500,12499,9765625
3124,3126,312,311,9771876
3125,3127,3132,3131,9778129
3126,3128,144,143,9784384
3127,3129,592,591,9790641
3128,3130,9420,9419,9796900
3129,3131,150,149,9803161
3130,3132,504,503,9809424
3131,3133,1680,1679,9815689
3132,3134,9408,9407,9821956
3133,3135,360,359,9828225
3134,3136,672,671,9834496
3135,3137,6276,6275,9840769
3136,3138,3144,3143,9847044
3137,3139,3256,3255,9853321
3138,3140,4740,4739,9859600
3139,3141,696,695,9865881
3140,3142,4710,4709,9872164
3141,3143,448,447,9878449
3142,3144,1560,1559,9884736
3143,3145,3420,3419,9891025
3144,3146,4620,4619,9897316
3145,3147,1048,1047,9903609
3146,3148,4728,4727,9909904
3147,3149,544,543,9916201
3148,3150,1200,1199,9922500
3149,3151,1104,1103,9928801
3150,3152,792,791,9935104
3151,3153,4200,4199,9941409
3152,3154,504,503,9947716
3153,3155,1260,1259,9954025
3154,3156,528,527,9960336
3155,3157,80,79,9966649
3156,3158,1578,1577,9972964
3157,3159,4536,4535,9979281
3158,3160,780,779,9985600
3159,3161,756,755,9991921
3160,3162,360,359,9998244
3161,3163,6328,6327,10004569
3162,3164,912,911,10010896
3163,3165,840,839,10017225
3164,3166,3168,3167,10023556
3165,3167,192,191,10029889
3166,3168,240,239,10036224
3167,3169,1584,1583,10042561
3168,3170,3180,3179,10048900
3169,3171,400,399,10055241
3170,3172,420,419,10061584
3171,3173,1008,1007,10067929
3172,3174,1104,1103,10074276
3173,3175,6400,6399,10080625
3174,3176,2388,2387,10086976
3175,3177,1416,1415,10093329
3176,3178,912,911,10099684
3177,3179,3060,3059,10106041
3178,3180,1080,1079,10112400
3179,3181,3180,3179,10118761
3180,3182,5016,5015,10125124
3181,3183,2120,2119,10131489
3182,3184,264,263,10137856
3183,3185,560,559,10144225
3184,3186,2088,2087,10150596
3185,3187,6376,6375,10156969
3186,3188,228,227,10163344
3187,3189,2128,2127,10169721
3188,3190,420,419,10176100
3189,3191,3190,3189,10182481
3190,3192,144,143,10188864
3191,3193,3120,3119,10195249
3192,3194,204,203,10201636
3193,3195,840,839,10208025
3194,3196,288,287,10214416
3195,3197,1104,1103,10220809
3196,3198,840,839,10227204
3197,3199,3664,3663,10233601
3198,3200,4800,4799,10240000
3199,3201,1960,1959,10246401
3200,3202,480,479,10252804
3201,3203,6408,6407,10259209
3202,3204,264,263,10265616
3203,3205,640,639,10272025
3204,3206,912,911,10278436
3205,3207,712,711,10284849
3206,3208,600,599,10291264
3207,3209,3208,3207,10297681
3208,3210,360,359,10304100
3209,3211,3276,3275,10310521
3210,3212,2220,2219,10316944
3211,3213,144,143,10323369
3212,3214,3216,3215,10329796
3213,3215,6440,6439,10336225
3214,3216,408,407,10342656
3215,3217,6436,6435,10349089
3216,3218,1608,1607,10355524
3217,3219,1064,1063,10361961
3218,3220,240,239,10368400
3219,3221,3220,3219,10374841
3220,3222,2136,2135,10381284
3221,3223,2940,2939,10387729
3222,3224,420,419,10394176
3223,3225,2200,2199,10400625
3224,3226,3228,3227,10407076
3225,3227,368,367,10413529
3226,3228,1608,1607,10419984
3227,3229,3228,3227,10426441
3228,3230,180,179,10432900
3229,3231,4296,4295,10439361
3230,3232,1200,1199,10445824
3231,3233,540,539,10452289
3232,3234,1680,1679,10458756
3233,3235,6480,6479,10465225
3234,3236,606,605,10471696
3235,3237,168,167,10478169
3236,3238,4854,4853,10484644
3237,3239,1560,1559,10491121
3238,3240,1080,1079,10497600
3239,3241,928,927,10504081
3240,3242,810,809,10510564
3241,3243,96,95,10517049
3242,3244,270,269,10523536
3243,3245,580,579,10530025
3244,3246,360,359,10536516
3245,3247,3420,3419,10543009
3246,3248,336,335,10549504
3247,3249,1368,1367,10556001
3248,3250,10500,10499,10562500
3249,3251,650,649,10569001
3250,3252,1080,1079,10575504
3251,3253,6508,6507,10582009
3252,3254,9768,9767,10588516
3253,3255,240,239,10595025
3254,3256,1140,1139,10601536
3255,3257,6516,6515,10608049
3256,3258,360,359,10614564
3257,3259,3258,3257,10621081
3258,3260,4920,4919,10627600
3259,3261,128,127,10634121
3260,3262,624,623,10640644
3261,3263,3500,3499,10647169
3262,3264,288,287,10653696
3263,3265,6540,6539,10660225
3264,3266,1680,1679,10666756
3265,3267,3960,3959,10673289
3266,3268,792,791,10679824
3267,3269,1872,1871,10686361
3268,3270,1080,1079,10692900
3269,3271,1090,1089,10699441
3270,3272,408,407,10705984
3271,3273,4360,4359,10712529
3272,3274,3276,3275,10719076
3273,3275,1300,1299,10725625
3274,3276,336,335,10732176
3275,3277,532,531,10738729
3276,3278,2220,2219,10745284
3277,3279,4376,4375,10751841
3278,3280,120,119,10758400
3279,3281,3492,3491,10764961
3280,3282,3288,3287,10771524
3281,3283,1904,1903,10778089
3282,3284,2460,2459,10784656
3283,3285,4440,4439,10791225
3284,3286,540,539,10797796
3285,3287,1044,1043,10804369
3286,3288,552,551,10810944
3287,3289,1680,1679,10817521
3288,3290,480,479,10824100
3289,3291,1464,1463,10830681
3290,3292,4944,4943,10837264
3291,3293,836,835,10843849
3292,3294,360,359,10850436
3293,3295,6580,6579,10857025
3294,3296,624,623,10863616
3295,3297,1264,1263,10870209
3296,3298,1764,1763,10876804
3297,3299,194,193,10883401
3298,3300,600,599,10890000
3299,3301,1650,1649,10896601
3300,3302,5376,5375,10903204
3301,3303,2208,2207,10909809
3302,3304,1392,1391,10916416
3303,3305,220,219,10923025
3304,3306,504,503,10929636
3305,3307,6616,6615,10936249
3306,3308,1656,1655,10942864
3307,3309,96,95,10949481
3308,3310,660,659,10956100
3309,3311,880,879,10962721
3310,3312,48,47,10969344
3311,3313,6628,6627,10975969
3312,3314,9948,9947,10982596
3313,3315,2520,2519,10989225
3314,3316,276,275,10995856
3315,3317,360,359,11002489
3316,3318,624,623,11009124
3317,3319,3318,3317,11015761
3318,3320,840,839,11022400
3319,3321,1080,1079,11029041
3320,3322,150,149,11035684
3321,3323,2216,2215,11042329
3322,3324,3336,3335,11048976
3323,3325,3600,3599,11055625
3324,3326,9984,9983,11062276
3325,3327,2216,2215,11068929
3326,3328,2688,2687,11075584
3327,3329,416,415,11082241
3328,3330,2280,2279,11088900
3329,3331,1110,1109,11095561
3330,3332,1008,1007,11102224
3331,3333,200,199,11108889
3332,3334,3336,3335,11115556
3333,3335,1680,1679,11122225
3334,3336,552,551,11128896
3335,3337,1120,1119,11135569
3336,3338,834,833,11142244
3337,3339,432,431,11148921
3338,3340,1680,1679,11155600
3339,3341,3612,3611,11162281
3340,3342,744,743,11168964
3341,3343,6688,6687,11175649
3342,3344,360,359,11182336
3343,3345,2240,2239,11189025
3344,3346,5712,5711,11195716
3345,3347,2232,2231,11202409
3346,3348,360,359,11209104
3347,3349,396,395,11215801
3348,3350,10200,10199,11222500
3349,3351,4472,4471,11229201
3350,3352,2508,2507,11235904
3351,3353,3824,3823,11242609
3352,3354,1848,1847,11249316
3353,3355,60,59,11256025
3354,3356,2514,2513,11262736
3355,3357,4488,4487,11269449
3356,3358,1776,1775,11276164
3357,3359,3358,3357,11282881
3358,3360,240,239,11289600
3359,3361,3360,3359,11296321
3360,3362,4920,4919,11303044
3361,3363,2088,2087,11309769
3362,3364,1218,1217,11316496
3363,3365,6740,6739,11323225
3364,3366,360,359,11329956
3365,3367,2128,2127,11336689
3366,3368,84,83,11343424
3367,3369,2248,2247,11350161
3368,3370,10140,10139,11356900
3369,3371,3370,3369,11363641
3370,3372,168,167,11370384
3371,3373,6748,6747,11377129
3372,3374,240,239,11383876
3373,3375,9000,8999,11390625
3374,3376,168,167,11397376
3375,3377,440,439,11404129
3376,3378,1128,1127,11410884
3377,3379,540,539,11417641
3378,3380,5460,5459,11424400
3379,3381,336,335,11431161
3380,3382,396,395,11437924
3381,3383,396,395,11444689
3382,3384,96,95,11451456
3383,3385,2260,2259,11458225
3384,3386,10164,10163,11464996
3385,3387,1128,1127,11471769
3386,3388,2640,2639,11478544
3387,3389,1694,1693,11485321
3388,3390,2280,2279,11492100
3389,3391,1130,1129,11498881
3390,3392,864,863,11505664
3391,3393,168,167,11512449
3392,3394,3396,3395,11519236
3393,3395,3920,3919,11526025
3394,3396,1704,1703,11532816
3395,3397,3432,3431,11539609
3396,3398,1698,1697,11546404
3397,3399,1040,1039,11553201
3398,3400,900,899,11560000
3399,3401,1602,1601,11566801
3400,3402,1296,1295,11573604
3401,3403,840,839,11580409
3402,3404,912,911,11587216
3403,3405,2280,2279,11594025
3404,3406,5460,5459,11600836
3405,3407,2272,2271,11607649
3406,3408,840,839,11614464
3407,3409,976,975,11621281
3408,3410,60,59,11628100
3409,3411,1512,1511,11634921
3410,3412,5124,5123,11641744
3411,3413,6828,6827,11648569
3412,3414,1704,1703,11655396
3413,3415,6840,6839,11662225
3414,3416,240,239,11669056
3415,3417,1224,1223,11675889
3416,3418,2562,2561,11682724
3417,3419,1232,1231,11689561
3418,3420,360,359,11696400
3419,3421,310,309,11703241
3420,3422,1218,1217,11710084
3421,3423,656,655,11716929
3422,3424,144,143,11723776
3423,3425,6900,6899,11730625
3424,3426,2280,2279,11737476
3425,3427,1776,1775,11744329
3426,3428,1716,1715,11751184
3427,3429,2304,2303,11758041
3428,3430,11760,11759,11764900
3429,3431,1184,1183,11771761
3430,3432,840,839,11778624
3431,3433,6868,6867,11785489
3432,3434,900,899,11792356
3433,3435,2280,2279,11799225
3434,3436,78,77,11806096
3435,3437,3920,3919,11812969
3436,3438,2280,2279,11819844
3437,3439,90,89,11826721
3438,3440,1320,1319,11833600
3439,3441,2280,2279,11840481
3440,3442,1290,1289,11847364
3441,3443,3140,3139,11854249
3442,3444,240,239,11861136
3443,3445,3780,3779,11868025
3444,3446,10344,10343,11874916
3445,3447,768,767,11881809
3446,3448,2580,2579,11888704
3447,3449,3448,3447,11895601
3448,3450,1200,1199,11902500
3449,3451,1008,1007,11909401
3450,3452,1728,1727,11916304
3451,3453,920,919,11923209
3452,3454,4740,4739,11930116
3453,3455,1380,1379,11937025
3454,3456,576,575,11943936
3455,3457,532,531,11950849
3456,3458,1008,1007,11957764
3457,3459,4616,4615,11964681
3458,3460,1740,1739,11971600
3459,3461,1730,1729,11978521
3460,3462,6936,6935,11985444
3461,3463,6928,6927,11992369
3462,3464,2604,2603,11999296
3463,3465,240,239,12006225
3464,3466,3468,3467,12013156
3465,3467,2312,2311,12020089
3466,3468,1224,1223,12027024
3467,3469,102,101,12033961
3468,3470,3480,3479,12040900
3469,3471,616,615,12047841
3470,3472,240,239,12054784
3471,3473,1200,1199,12061729
3472,3474,2328,2327,12068676
3473,3475,2300,2299,12075625
3474,3476,390,389,12082576
3475,3477,360,359,12089529
3476,3478,1824,1823,12096484
3477,3479,560,559,12103441
3478,3480,840,839,12110400
3479,3481,3422,3421,12117361
3480,3482,870,869,12124324
3481,3483,2376,2375,12131289
3482,3484,2856,2855,12138256
3483,3485,360,359,12145225
3484,3486,336,335,12152196
3485,3487,3180,3179,12159169
3486,3488,432,431,12166144
3487,3489,2328,2327,12173121
3488,3490,1740,1739,12180100
3489,3491,3490,3489,12187081
3490,3492,1176,1175,12194064
3491,3493,3984,3983,12201049
3492,3494,10488,10487,12208036
3493,3495,520,519,12215025
3494,3496,144,143,12222016
3495,3497,1876,1875,12229009
3496,3498,1080,1079,12236004
3497,3499,1166,1165,12243001
3498,3500,6000,5999,12250000
3499,3501,2328,2327,12257001
3500,3502,1872,1871,12264004
3501,3503,1140,1139,12271009
3502,3504,888,887,12278016
3503,3505,700,699,12285025
3504,3506,10524,10523,12292036
3505,3507,336,335,12299049
3506,3508,5268,5267,12306064
3507,3509,770,769,12313081
3508,3510,2520,2519,12320100
3509,3511,3510,3509,12327121
3510,3512,876,875,12334144
3511,3513,4680,4679,12341169
3512,3514,6000,5999,12348196
3513,3515,3420,3419,12355225
3514,3516,1176,1175,12362256
3515,3517,7036,7035,12369289
3516,3518,1758,1757,12376324
3517,3519,144,143,12383361
3518,3520,480,479,12390400
3519,3521,1008,1007,12397441
3520,3522,1176,1175,12404484
3521,3523,3780,3779,12411529
3522,3524,528,527,12418576
3523,3525,800,799,12425625
3524,3526,1320,1319,12432676
3525,3527,7056,7055,12439729
3526,3528,336,335,12446784
3527,3529,588,587,12453841
3528,3530,3540,3539,12460900
3529,3531,360,359,12467961
3530,3532,5304,5303,12475024
3531,3533,2356,2355,12482089
3532,3534,360,359,12489156
3533,3535,400,399,12496225
3534,3536,504,503,12503296
3535,3537,4680,4679,12510369
3536,3538,420,419,12517444
3537,3539,3538,3537,12524521
3538,3540,3480,3479,12531600
3539,3541,3540,3539,12538681
3540,3542,240,239,12545764
3541,3543,2360,2359,12552849
3542,3544,888,887,12559936
3543,3545,1180,1179,12567025
3544,3546,792,791,12574116
3545,3547,7096,7095,12581209
3546,3548,1776,1775,12588304
3547,3549,1456,1455,12595401
3548,3550,2100,2099,12602500
3549,3551,3672,3671,12609601
3550,3552,912,911,12616704
3551,3553,180,179,12623809
3552,3554,10668,10667,12630916
3553,3555,1560,1559,12638025
3554,3556,768,767,12645136
3555,3557,2372,2371,12652249
3556,3558,2376,2375,12659364
3557,3559,3558,3557,12666481
3558,3560,660,659,12673600
3559,3561,2376,2375,12680721
3560,3562,1932,1931,12687844
3561,3563,2032,2031,12694969
3562,3564,1080,1079,12702096
3563,3565,240,239,12709225
3564,3566,10704,10703,12716356
3565,3567,280,279,12723489
3566,3568,1344,1343,12730624
3567,3569,1848,1847,12737761
3568,3570,720,719,12744900
3569,3571,34,33,12752041
3570,3572,288,287,12759184
3571,3573,4776,4775,12766329
3572,3574,3576,3575,12773476
3573,3575,700,699,12780625
3574,3576,888,887,12787776
3575,3577,4144,4143,12794929
3576,3578,894,893,12802084
3577,3579,4776,4775,12809241
3578,3580,5340,5339,12816400
3579,3581,1790,1789,12823561
3580,3582,264,263,12830724
3581,3583,7168,7167,12837889
3582,3584,768,767,12845056
3583,3585,4760,4759,12852225
3584,3586,4920,4919,12859396
3585,3587,252,251,12866569
3586,3588,336,335,12873744
3587,3589,3724,3723,12880921
3588,3590,10740,10739,12888100
3589,3591,144,143,12895281
3590,3592,1344,1343,12902464
3591,3593,7188,7187,12909649
3592,3594,7176,7175,12916836
3593,3595,7180,7179,12924025
3594,3596,210,209,12931216
3595,3597,1080,1079,12938409
3596,3598,2064,2063,12945604
3597,3599,1740,1739,12952801
